<?xml version="1.0" encoding="UTF-8"?>
<!-- Copyright (C) 2010 Cardiff University, Wales <smartp@cf.ac.uk> Licensed 
	under the Apache License, Version 2.0 (the "License"); you may not use this 
	file except in compliance with the License. You may obtain a copy of the 
	License at http://www.apache.org/licenses/LICENSE-2.0 Unless required by 
	applicable law or agreed to in writing, software distributed under the License 
	is distributed on an "AS IS" BASIS, WITHOUT WARRANTIES OR CONDITIONS OF ANY 
	KIND, either express or implied. See the License for the specific language 
	governing permissions and limitations under the License. -->
<beans xmlns="http://www.springframework.org/schema/beans"
	xmlns:xsi="http://www.w3.org/2001/XMLSchema-instance"
	xsi:schemaLocation="
           http://www.springframework.org/schema/beans
           http://www.springframework.org/schema/beans/spring-beans-3.0.xsd">


	<bean id="muaRegistry" class="uk.ac.cardiff.raptorweb.engine.MUARegistry">
		<property name="MUAEntries">
			<list>
				<bean id="localMUA" class="uk.ac.cardiff.raptorweb.model.MUAEntry">
					<property name="serviceEndpoint">
						<value>https://localhost:8111/MUA/MultiUnitAggregator</value>
					</property>
					<property name="isAttached" value="true"></property>
					<property name="publicKey">
						<value>/opt/raptor/web/keys/authorised-keys.jks</value>
					</property>
					<property name="publicKeyPassword">
						<value>changeit</value>
					</property>
				</bean>
			</list>
		</property>
	</bean>

	<bean id="serviceEndpointClient" class="uk.ac.cardiff.raptorweb.sei.ServiceEndpointClient">
		<property name="tlsParameters">
			<bean
				class="uk.ac.cardiff.raptor.remoting.client.sei.impl.ClientTLSParameters">
				<property name="trustStoreLocation">
					<value>/opt/raptor/web/keys/authorised-keys.jks</value>
				</property>
				<property name="trustStorePassword">
					<value>changeit</value>
				</property>
				<property name="keyStoreLocation">
					<value>/opt/raptor/web/keys/raptor-web.jks</value>
				</property>
				<property name="keyStorePassword">
					<value>changeit</value>
				</property>
			</bean>
		</property>
	</bean>


</beans>
