<?xml version="1.0" encoding="UTF-8"?>
<beans xmlns="http://www.springframework.org/schema/beans"
       xmlns:xsi="http://www.w3.org/2001/XMLSchema-instance"
       xmlns:webflow="http://www.springframework.org/schema/webflow-config"
       xmlns:faces="http://www.springframework.org/schema/faces"
       xsi:schemaLocation="
           http://www.springframework.org/schema/beans
           http://www.springframework.org/schema/beans/spring-beans-2.5.xsd
           http://www.springframework.org/schema/webflow-config
           http://www.springframework.org/schema/webflow-config/spring-webflow-config-2.0.xsd
           http://www.springframework.org/schema/faces
           http://www.springframework.org/schema/faces/spring-faces-2.0.xsd">

	 <!-- Executes flows: the central entry point into the Spring Web Flow system -->
    <webflow:flow-executor id="flowExecutor"/>

    <!-- The registry of executable flow definitions -->
    <webflow:flow-registry id="flowRegistry" flow-builder-services="facesFlowBuilderServices" base-path="/WEB-INF/flows">
        <webflow:flow-location-pattern value="/**/*-flow.xml"/>
    </webflow:flow-registry>

    <!-- Configures the Spring Web Flow JSF integration view-factory-creator="mvcViewFactoryCreator"-->
    <faces:flow-builder-services id="facesFlowBuilderServices"/>

    <!-- Handles requests mapped to the Spring Web Flow system -->
    <bean id="flowController" class="org.springframework.webflow.mvc.servlet.FlowController">
        <property name="flowExecutor" ref="flowExecutor"/>
        <property name="ajaxHandler">
      <bean class="org.springframework.faces.richfaces.RichFacesAjaxHandler"/>
    </property>
    </bean>

	    <bean id="flowUrlMappings" class="org.springframework.web.servlet.handler.SimpleUrlHandlerMapping">
        <property name="mappings">
            <value>
                /reports=flowController
                /test=flowController
            </value>
        </property>
        <property name="defaultHandler">
            <bean class="org.springframework.web.servlet.mvc.UrlFilenameViewController" />
        </property>
    </bean>




</beans>