<?xml version="1.0" encoding="UTF-8"?>
	<!--

		Copyright (C) 2010 Cardiff University, Wales <smartp@cf.ac.uk>

		Licensed under the Apache License, Version 2.0 (the "License"); you
		may not use this file except in compliance with the License. You may
		obtain a copy of the License at

		http://www.apache.org/licenses/LICENSE-2.0 Unless required by
		applicable law or agreed to in writing, software distributed under the
		License is distributed on an "AS IS" BASIS, WITHOUT WARRANTIES OR
		CONDITIONS OF ANY KIND, either express or implied. See the License for
		the specific language governing permissions and limitations under the
		License.
	-->

<beans xmlns="http://www.springframework.org/schema/beans"
	xmlns:xsi="http://www.w3.org/2001/XMLSchema-instance"
	xsi:schemaLocation="
	http://www.springframework.org/schema/beans http://www.springframework.org/schema/beans/spring-beans.xsd">

	<!--
		definition of the log file format, where some standard log file
		formats will be specified here e.g. shib-access, W3C, apache, EZProxy
		etc IMPORTANT, the headers must be a match for the internal model at
		the moment
	-->

	<!-- accepted types are DATE, STRING, INTEGER -->


     <bean id="shib13IDPAccessFileFormat" class="uk.ac.cardiff.raptor.parse.external.file.format.LogFileFormat">
        <property name="headers">
            <list>
                <bean class="uk.ac.cardiff.raptor.parse.external.file.format.Header">
                    <property name="fieldName">
                        <value>eventTime</value>
                    </property>
                    <property name="fieldNo">
                        <value>0</value>
                    </property>
                    <property name="additionalFieldNos">
                        <list>
                            <value>1</value>
                        </list>
                    </property>
                    <property name="timeZone">
                        <value>UTC</value>
                    </property>
                    <property name="fieldType">
                        <value>DATE</value>
                    </property>
                    <property name="dateTimeFormat">
                        <value>yyyy-MM-ddHH:mm:ss,SSS</value>
                    </property>
                </bean>
                <bean class="uk.ac.cardiff.raptor.parse.external.file.format.Header">
                    <property name="fieldName">
                        <value>resourceId</value>
                    </property>
                    <property name="fieldNo">
                        <value>7</value>
                    </property>
                    <property name="fieldType">
                        <value>STRING</value>
                    </property>
                    <property name="regexReplaceAll">
                        <map>
                         <entry key="\(" value=""/>
                         <entry key="\)" value=""/>
                        </map>
                    </property>
                </bean>
                <bean class="uk.ac.cardiff.raptor.parse.external.file.format.Header">
                    <property name="fieldName">
                        <value>principalName</value>
                    </property>
                    <property name="fieldNo">
                        <value>12</value>
                    </property>
                    <property name="fieldType">
                        <value>STRING</value>
                    </property>
                    <property name="regexReplaceAll">
                        <map>
                         <entry key="\(" value=""/>
                         <entry key="\)" value=""/>
                         <entry key="\." value=""/>
                        </map>
                    </property>
                </bean>
                <bean class="uk.ac.cardiff.raptor.parse.external.file.format.Header">
                    <property name="fieldName">
                        <value>nameIdentifier</value>
                    </property>
                    <property name="fieldNo">
                        <value>15</value>
                    </property>
                    <property name="fieldType">
                        <value>STRING</value>
                    </property>
                    <property name="regexReplaceAll">
                        <map>
                         <entry key="\(" value=""/>
                         <entry key="\)" value=""/>
                         <entry key="\." value=""/>
                        </map>
                    </property>
                </bean>
            </list>
        </property>
        <property name="delimeter">
            <value> </value>
        </property>
    </bean>
    
     <!-- 2.4 and earlier -->
    <bean id="shibSPLogFileFormat" class="uk.ac.cardiff.raptor.parse.external.file.format.LogFileFormat">
        <property name="headers">
            <list>
                <bean class="uk.ac.cardiff.raptor.parse.external.file.format.Header">
                    <property name="fieldName">
                        <value>eventTime</value>
                    </property>
                    <property name="fieldNo">
                        <value>0</value>
                    </property>
                    <property name="additionalFieldNos">
                        <list>
                            <value>1</value>
                        </list>
                    </property>
                    <property name="timeZone">
                        <value>UTC</value>
                    </property>
                    <property name="fieldType">
                        <value>DATE</value>
                    </property>
                    <property name="dateTimeFormat">
                        <value>yyyy-MM-ddHH:mm:ss</value>
                    </property>
                </bean>  
                <bean class="uk.ac.cardiff.raptor.parse.external.file.format.Header">
                    <property name="fieldName">
                        <value>sessionId</value>
                    </property>
                    <property name="fieldNo">
                        <value>9</value>
                    </property>
                    <property name="fieldType">
                        <value>STRING</value>
                    </property>
                    <property name="regexReplaceAll">
                        <map>
                         <entry key="\(" value=""/>
                         <entry key="\)" value=""/>
                        </map>
                    </property>
                </bean>   
                <bean class="uk.ac.cardiff.raptor.parse.external.file.format.Header">
                    <property name="fieldName">
                        <value>serviceId</value>
                    </property>
                    <property name="fieldNo">
                        <value>11</value>
                    </property>
                    <property name="fieldType">
                        <value>STRING</value>
                    </property>
                    <property name="regexReplaceAll">
                        <map>
                         <entry key="\(" value=""/>
                         <entry key="\)" value=""/>
                        </map>
                    </property>
                </bean>  
                <bean class="uk.ac.cardiff.raptor.parse.external.file.format.Header">
                    <property name="fieldName">
                        <value>protocol</value>
                    </property>
                    <property name="fieldNo">
                        <value>12</value>
                    </property>
                    <property name="fieldType">
                        <value>STRING</value>
                    </property>
                    <property name="regexReplaceAll">
                        <map>
                         <entry key="\(" value=""/>
                         <entry key="\)" value=""/>
                        </map>
                    </property>
                </bean>   
                <bean class="uk.ac.cardiff.raptor.parse.external.file.format.Header">
                    <property name="fieldName">
                        <value>clientIp</value>
                    </property>
                    <property name="fieldNo">
                        <value>14</value>
                    </property>
                    <property name="fieldType">
                        <value>STRING</value>
                    </property>
                    <property name="regexReplaceAll">
                        <map>
                         <entry key="\(" value=""/>
                         <entry key="\)" value=""/>
                        </map>
                    </property>
                </bean>               
            </list>
        </property>
        <property name="delimeter">
            <value> </value>
        </property>
    </bean>

	<bean id="shibIDPAuditFileFormat" class="uk.ac.cardiff.raptor.parse.external.file.format.LogFileFormat">
		<property name="headers">
			<list>
				<bean class="uk.ac.cardiff.raptor.parse.external.file.format.Header">
					<property name="fieldName">
						<value>eventTime</value>
					</property>
					<property name="fieldNo">
						<value>0</value>
					</property>
					<property name="fieldType">
						<value>DATE</value>
					</property>
					<property name="timeZone">
                        <value>UTC</value>
                    </property>
					<property name="dateTimeFormat">
						<value>yyyyMMdd'T'HHmmss'Z'</value>
					</property> <!--  Atom (ISO 8601) -->
				</bean>
				<bean class="uk.ac.cardiff.raptor.parse.external.file.format.Header">
					<property name="fieldName">
						<value>requestBinding</value>
					</property>
					<property name="fieldNo">
						<value>1</value>
					</property>
					<property name="fieldType">
						<value>STRING</value>
					</property>
				</bean>
				<bean class="uk.ac.cardiff.raptor.parse.external.file.format.Header">
					<property name="fieldName">
						<value>requestId</value>
					</property>
					<property name="fieldNo">
						<value>2</value>
					</property>
					<property name="fieldType">
						<value>STRING</value>
					</property>
				</bean>
				<bean class="uk.ac.cardiff.raptor.parse.external.file.format.Header">
					<property name="fieldName">
						<value>resourceId</value>
					</property>
					<property name="fieldNo">
						<value>3</value>
					</property>
					<property name="fieldType">
						<value>STRING</value>
					</property>
				</bean>

				<bean class="uk.ac.cardiff.raptor.parse.external.file.format.Header">
					<property name="fieldName">
						<value>messageProfileId</value>
					</property>
					<property name="fieldNo">
						<value>4</value>
					</property>
					<property name="fieldType">
						<value>STRING</value>
					</property>
				</bean>
				<bean class="uk.ac.cardiff.raptor.parse.external.file.format.Header">
					<property name="fieldName">
						<value>responseBinding</value>
					</property>
					<property name="fieldNo">
						<value>6</value>
					</property>
					<property name="fieldType">
						<value>STRING</value>
					</property>
				</bean>
				<bean class="uk.ac.cardiff.raptor.parse.external.file.format.Header">
					<property name="fieldName">
						<value>responseId</value>
					</property>
					<property name="fieldNo">
						<value>7</value>
					</property>
					<property name="fieldType">
						<value>STRING</value>
					</property>
				</bean>
				<bean class="uk.ac.cardiff.raptor.parse.external.file.format.Header">
					<property name="fieldName">
						<value>principalName</value>
					</property>
					<property name="fieldNo">
						<value>8</value>
					</property>
					<property name="fieldType">
						<value>STRING</value>
					</property>
				</bean>
				<bean class="uk.ac.cardiff.raptor.parse.external.file.format.Header">
					<property name="fieldName">
						<value>authenticationType</value>
					</property>
					<property name="fieldNo">
						<value>9</value>
					</property>
					<property name="fieldType">
						<value>STRING</value>
					</property>
				</bean>
				<bean class="uk.ac.cardiff.raptor.parse.external.file.format.Header">
					<property name="fieldName">
						<value>attributes</value>
					</property>
					<property name="fieldNo">
						<value>10</value>
					</property>
					<property name="fieldType">
						<value>STRINGLIST</value>
					</property>
					<property name="listDelimeter">
						<value>,</value>
					</property>
				</bean>
                <bean class="uk.ac.cardiff.raptor.parse.external.file.format.Header">
					<property name="fieldName">
						<value>assertions</value>
					</property>
					<property name="fieldNo">
						<value>12</value>
					</property>
					<property name="fieldType">
						<value>STRINGLIST</value>
					</property>
					<property name="listDelimeter">
						<value>,</value>
					</property>
				</bean>
			</list>
		</property>
		<property name="delimeter">
			<value>|</value>
		</property>
	</bean>

	<bean id="ezProxyFileFormat" class="uk.ac.cardiff.raptor.parse.external.file.format.LogFileFormat">
	<property name="headers">
            <list>
                <bean class="uk.ac.cardiff.raptor.parse.external.file.format.Header">
                    <property name="fieldName">
                        <value>requesterIp</value>
                    </property>
                    <property name="fieldNo">
                        <value>0</value>
                    </property>
                    <property name="fieldType">
                        <value>STRING</value>
                    </property>
                </bean>
                <bean class="uk.ac.cardiff.raptor.parse.external.file.format.Header">
                    <property name="fieldName">
                        <value>sessionId</value>
                    </property>
                    <property name="fieldNo">
                        <value>1</value>
                    </property>
                    <property name="fieldType">
                        <value>STRING</value>
                    </property>
                </bean>
                <bean class="uk.ac.cardiff.raptor.parse.external.file.format.Header">
                    <property name="fieldName">
                        <value>principalName</value>
                    </property>
                    <property name="fieldNo">
                        <value>2</value>
                    </property>
                    <property name="fieldType">
                        <value>STRING</value>
                    </property>
                    <property name="regexReplaceAll">
                        <map>
                         <entry key="@cardiff.ac.uk" value=""/>
                        </map>
                    </property>
                </bean>
                <bean class="uk.ac.cardiff.raptor.parse.external.file.format.Header">
                    <property name="fieldName">
                        <value>eventTime</value>
                    </property>
                    <property name="fieldNo">
                        <value>3</value>
                    </property>
                    <property name="additionalFieldNos">
                        <list>
                            <value>4</value>
                        </list>
                    </property>
                    <property name="fieldType">
                        <value>DATE</value>
                    </property>
                    <property name="timeZone">
                        <value>UTC</value>
                    </property>
                    <property name="dateTimeFormat">
                        <value>dd/MMM/yyyy:HH:mm:ssZ</value>
                    </property>
                    <property name="regexReplaceAll">
                        <map>
                         <entry key="\[" value=""/>
                         <entry key="\]" value=""/>
                        </map>
                    </property>
                </bean>
                <bean class="uk.ac.cardiff.raptor.parse.external.file.format.Header">
                    <property name="fieldName">
                        <value>serviceHost</value>
                    </property>
                    <property name="fieldNo">
                        <value>6</value>
                    </property>
                    <property name="fieldType">
                        <value>STRING</value>
                    </property>
                    <property name="regexRetain">
                       <value>https://[^:]*</value>
                    </property>
                </bean>
                <bean class="uk.ac.cardiff.raptor.parse.external.file.format.Header">
                    <property name="fieldName">
                        <value>resourceId</value>
                    </property>
                    <property name="fieldNo">
                        <value>6</value>
                    </property>
                    <property name="fieldType">
                        <value>URL</value>
                    </property>
                    <property name="regexRetain">
                       <value>url=http%3a%2f%2f[^%]*|url=https://[^/]*|url=https%3a%2f%2f[^%]*|url=http://[^/]*|url=%2520http%3a%2f%2f[^%]*|url=%2520https%3a%2f%2f[^%]*|url=%20http%3a%2f%2f[^%]*|url=%20https%3a%2f%2f[^%]*|url=http%253A%252F%252F[^%]*</value>
                    </property>
                    <property name="regexRetainCaseInsensitive">
                        <value>true</value>
                    </property>
                    <property name="regexReplaceAll">
                        <map>
                         <entry key="url=" value=""/>
                         <entry key="%2520" value=""/>
                        </map>
                    </property>
                </bean>
            </list>
        </property>
        <property name="delimeter">
            <value> </value>
        </property>



	</bean>

	<bean id="W3CFileFormat" class="uk.ac.cardiff.raptor.parse.external.file.format.LogFileFormat"></bean>




</beans>
