<?xml version="1.0" encoding="UTF-8"?>
<!--

    Copyright (C) 2010 Cardiff University, Wales <smartp@cf.ac.uk>

    Licensed under the Apache License, Version 2.0 (the "License");
    you may not use this file except in compliance with the License.
    You may obtain a copy of the License at

            http://www.apache.org/licenses/LICENSE-2.0

    Unless required by applicable law or agreed to in writing, software
    distributed under the License is distributed on an "AS IS" BASIS,
    WITHOUT WARRANTIES OR CONDITIONS OF ANY KIND, either express or implied.
    See the License for the specific language governing permissions and
    limitations under the License.

-->
<beans xmlns="http://www.springframework.org/schema/beans"
       xmlns:xsi="http://www.w3.org/2001/XMLSchema-instance"
       xmlns:webflow="http://www.springframework.org/schema/webflow-config"
       xmlns:faces="http://www.springframework.org/schema/faces"
       xsi:schemaLocation="
           http://www.springframework.org/schema/beans
           http://www.springframework.org/schema/beans/spring-beans-2.5.xsd
           http://www.springframework.org/schema/webflow-config
           http://www.springframework.org/schema/webflow-config/spring-webflow-config-2.0.xsd
           http://www.springframework.org/schema/faces
           http://www.springframework.org/schema/faces/spring-faces-2.0.xsd">

	 <!-- Executes flows: the central entry point into the Spring Web Flow system -->
    <webflow:flow-executor id="flowExecutor"/>

    <!-- The registry of executable flow definitions -->
    <webflow:flow-registry id="flowRegistry" flow-builder-services="facesFlowBuilderServices" base-path="/WEB-INF/flows">
        <webflow:flow-location-pattern value="/**/*-flow.xml"/>
    </webflow:flow-registry>

    <!-- Configures the Spring Web Flow JSF integration view-factory-creator="mvcViewFactoryCreator"-->
    <faces:flow-builder-services id="facesFlowBuilderServices"/>

    <!-- Handles requests mapped to the Spring Web Flow system -->
    <bean id="flowController" class="org.springframework.webflow.mvc.servlet.FlowController">
        <property name="flowExecutor" ref="flowExecutor"/>
        <property name="ajaxHandler">
      <bean class="org.springframework.faces.richfaces.RichFacesAjaxHandler"/>
    </property>
    </bean>

	    <bean id="flowUrlMappings" class="org.springframework.web.servlet.handler.SimpleUrlHandlerMapping">
        <property name="mappings">
            <value>
                /reports=flowController
                /test=flowController
            </value>
        </property>
        <property name="defaultHandler">
            <bean class="org.springframework.web.servlet.mvc.UrlFilenameViewController" />
        </property>
    </bean>




</beans>