<?xml version="1.0" encoding="UTF-8"?>
<beans xmlns="http://www.springframework.org/schema/beans" xmlns:xsi="http://www.w3.org/2001/XMLSchema-instance"
    xmlns:util="http://www.springframework.org/schema/util"
    xsi:schemaLocation="
    http://www.springframework.org/schema/beans http://www.springframework.org/schema/beans/spring-beans-2.5.xsd
    http://www.springframework.org/schema/util http://www.springframework.org/schema/util/spring-util-2.5.xsd">

    <!-- All these dashboard statistics are computed for the time ranges: TODAY, LASTWEEK, LASTMONTH and LASTYEAR -->

    <util:list id="dashboardStatisticsList">

        <bean id="shibbolethDashboardStatisticsSet" class="uk.ac.cardiff.raptorweb.model.dashboard.DashboardStatisticsSet">
            <property name="computedOverTimeRanges">
                <list>
                    <value type="uk.ac.cardiff.raptorweb.model.dashboard.DashboardStatisticsSet.TimeRange">TODAY</value>
                    <value type="uk.ac.cardiff.raptorweb.model.dashboard.DashboardStatisticsSet.TimeRange">LASTWEEK</value>
                    <value type="uk.ac.cardiff.raptorweb.model.dashboard.DashboardStatisticsSet.TimeRange">LASTMONTH</value>
                    <value type="uk.ac.cardiff.raptorweb.model.dashboard.DashboardStatisticsSet.TimeRange">LASTYEAR</value>
                </list>
            </property>
            <property name="resourceCategorys">
                <list>
                    <value type="uk.ac.cardiff.model.wsmodel.StatisticParameters.ResourceCategory">INTERNAL</value>
                    <value type="uk.ac.cardiff.model.wsmodel.StatisticParameters.ResourceCategory">EXTERNAL</value>
                    <value type="uk.ac.cardiff.model.wsmodel.StatisticParameters.ResourceCategory">ALL</value>
                </list>
            </property>
            <property name="dashboardStatistics">
                <list>
                    <bean class="uk.ac.cardiff.raptorweb.model.dashboard.DefaultGraphDashboardStatistic">
                        <property name="chartProcessor">
                            <ref bean="chartProcessor" />
                        </property>
                        <property name="dashboardStatisticType">
                            <value>HEADLINE_GRAPH</value>
                        </property>
                        <property name="statisticalUnitName">
                            <value>numberOfAuthenticationsPerIntervalNumber</value>
                        </property>
                        <property name="enabled">
                            <value>true</value>
                        </property>
                        <property name="eventType">
                            <value>uk.ac.cardiff.model.event.ShibbolethIdpAuthenticationEvent</value>
                        </property>

                    </bean>
                    <bean class="uk.ac.cardiff.raptorweb.model.dashboard.UniqueChartDashboardStatistic">
                        <property name="chartProcessor">
                            <ref bean="chartProcessor" />
                        </property>
                        <property name="dashboardStatisticType">
                            <value>NO_AUTHS</value>
                        </property>
                        <property name="statisticalUnitName">
                            <value>numberOfAuthenticationsPer</value>
                        </property>
                        <property name="enabled">
                            <value>true</value>
                        </property>
                        <property name="eventType">
                            <value>uk.ac.cardiff.model.event.ShibbolethIdpAuthenticationEvent</value>
                        </property>
                    </bean>
                    <bean class="uk.ac.cardiff.raptorweb.model.dashboard.NoRowsChartDashboardStatistic">
                        <property name="chartProcessor">
                            <ref bean="chartProcessor" />
                        </property>
                        <property name="dashboardStatisticType">
                            <value>NO_UNIQUE_AUTHS</value>
                        </property>
                        <property name="statisticalUnitName">
                            <value>numberOfUnqiueUsersPer</value>
                        </property>
                        <property name="enabled">
                            <value>true</value>
                        </property>
                        <property name="eventType">
                            <value>uk.ac.cardiff.model.event.ShibbolethIdpAuthenticationEvent</value>
                        </property>
                    </bean>
                    <bean class="uk.ac.cardiff.raptorweb.model.dashboard.DefaultChartDashboardStatistic">
                        <property name="chartProcessor">
                            <ref bean="chartProcessor" />
                        </property>
                        <property name="dashboardStatisticType">
                            <value>TOP_FIVE</value>
                        </property>
                        <property name="statisticalUnitName">
                            <value>top5Resources</value>
                        </property>
                        <property name="enabled">
                            <value>true</value>
                        </property>
                        <property name="eventType">
                            <value>uk.ac.cardiff.model.event.ShibbolethIdpAuthenticationEvent</value>
                        </property>
                    </bean>
                    <bean class="uk.ac.cardiff.raptorweb.model.dashboard.DefaultChartDashboardStatistic">
                        <property name="chartProcessor">
                            <ref bean="chartProcessor" />
                        </property>
                        <property name="dashboardStatisticType">
                            <value>TOP_FIVE_UNIQUE</value>
                        </property>
                        <property name="statisticalUnitName">
                            <value>numberOfUniqueAuthenticationsPerSP</value>
                        </property>
                        <property name="enabled">
                            <value>true</value>
                        </property>
                        <property name="eventType">
                            <value>uk.ac.cardiff.model.event.ShibbolethIdpAuthenticationEvent</value>
                        </property>
                    </bean>
                </list>
            </property>
        </bean>
        <bean id="shibbolethServiceProviderDashboardStatisticsSet" class="uk.ac.cardiff.raptorweb.model.dashboard.DashboardStatisticsSet">
            <property name="computedOverTimeRanges">
                <list>
                    <value type="uk.ac.cardiff.raptorweb.model.dashboard.DashboardStatisticsSet.TimeRange">TODAY</value>
                    <value type="uk.ac.cardiff.raptorweb.model.dashboard.DashboardStatisticsSet.TimeRange">LASTWEEK</value>
                    <value type="uk.ac.cardiff.raptorweb.model.dashboard.DashboardStatisticsSet.TimeRange">LASTMONTH</value>
                    <value type="uk.ac.cardiff.raptorweb.model.dashboard.DashboardStatisticsSet.TimeRange">LASTYEAR</value>
                </list>
            </property>
            <property name="resourceCategorys">
                <list>
                    <value type="uk.ac.cardiff.model.wsmodel.StatisticParameters.ResourceCategory">INTERNAL</value>
                    <value type="uk.ac.cardiff.model.wsmodel.StatisticParameters.ResourceCategory">EXTERNAL</value>
                    <value type="uk.ac.cardiff.model.wsmodel.StatisticParameters.ResourceCategory">ALL</value>
                </list>
            </property>
            <property name="dashboardStatistics">
                <list>
                    <bean class="uk.ac.cardiff.raptorweb.model.dashboard.DefaultGraphDashboardStatistic">
                        <property name="chartProcessor">
                            <ref bean="chartProcessor" />
                        </property>
                        <property name="dashboardStatisticType">
                            <value>HEADLINE_GRAPH</value>
                        </property>
                        <property name="statisticalUnitName">
                            <value>numberOfAuthenticationsPerIntervalNumber</value>
                        </property>
                        <property name="enabled">
                            <value>true</value>
                        </property>
                        <property name="eventType">
                            <value>uk.ac.cardiff.model.event.ShibbolethSpAuthenticationEvent</value>
                        </property>

                    </bean>
                    <bean class="uk.ac.cardiff.raptorweb.model.dashboard.UniqueChartDashboardStatistic">
                        <property name="chartProcessor">
                            <ref bean="chartProcessor" />
                        </property>
                        <property name="dashboardStatisticType">
                            <value>NO_AUTHS</value>
                        </property>
                        <property name="statisticalUnitName">
                            <value>numberOfAuthenticationsPer</value>
                        </property>
                        <property name="enabled">
                            <value>true</value>
                        </property>
                        <property name="eventType">
                            <value>uk.ac.cardiff.model.event.ShibbolethSpAuthenticationEvent</value>
                        </property>
                    </bean>
                    <bean class="uk.ac.cardiff.raptorweb.model.dashboard.NoRowsChartDashboardStatistic">
                        <property name="chartProcessor">
                            <ref bean="chartProcessor" />
                        </property>
                        <property name="dashboardStatisticType">
                            <value>NO_UNIQUE_AUTHS</value>
                        </property>
                        <property name="statisticalUnitName">
                            <value>numberOfUnqiueUsersPer</value>
                        </property>
                        <property name="enabled">
                            <value>true</value>
                        </property>
                        <property name="eventType">
                            <value>uk.ac.cardiff.model.event.ShibbolethSpAuthenticationEvent</value>
                        </property>
                    </bean>
                    <bean class="uk.ac.cardiff.raptorweb.model.dashboard.DefaultChartDashboardStatistic">
                        <property name="chartProcessor">
                            <ref bean="chartProcessor" />
                        </property>
                        <property name="dashboardStatisticType">
                            <value>TOP_FIVE</value>
                        </property>
                        <property name="statisticalUnitName">
                            <value>top5Resources</value>
                        </property>
                        <property name="enabled">
                            <value>true</value>
                        </property>
                        <property name="eventType">
                            <value>uk.ac.cardiff.model.event.ShibbolethSpAuthenticationEvent</value>
                        </property>
                    </bean>
                    <bean class="uk.ac.cardiff.raptorweb.model.dashboard.DefaultChartDashboardStatistic">
                        <property name="chartProcessor">
                            <ref bean="chartProcessor" />
                        </property>
                        <property name="dashboardStatisticType">
                            <value>TOP_FIVE_UNIQUE</value>
                        </property>
                        <property name="statisticalUnitName">
                            <value>numberOfUniqueAuthenticationsPerSP</value>
                        </property>
                        <property name="enabled">
                            <value>true</value>
                        </property>
                        <property name="eventType">
                            <value>uk.ac.cardiff.model.event.ShibbolethSpAuthenticationEvent</value>
                        </property>
                    </bean>
                </list>
            </property>
        </bean>
        <bean id="ezproxyDashboardStatisticsSet" class="uk.ac.cardiff.raptorweb.model.dashboard.DashboardStatisticsSet">
            <property name="computedOverTimeRanges">
                <list>
                    <value type="uk.ac.cardiff.raptorweb.model.dashboard.DashboardStatisticsSet.TimeRange">TODAY</value>
                    <value type="uk.ac.cardiff.raptorweb.model.dashboard.DashboardStatisticsSet.TimeRange">LASTWEEK</value>
                    <value type="uk.ac.cardiff.raptorweb.model.dashboard.DashboardStatisticsSet.TimeRange">LASTMONTH</value>
                    <value type="uk.ac.cardiff.raptorweb.model.dashboard.DashboardStatisticsSet.TimeRange">LASTYEAR</value>
                </list>
            </property>
            <property name="resourceCategorys">
                <list>
                    <value type="uk.ac.cardiff.model.wsmodel.StatisticParameters.ResourceCategory">INTERNAL</value>
                    <value type="uk.ac.cardiff.model.wsmodel.StatisticParameters.ResourceCategory">EXTERNAL</value>
                    <value type="uk.ac.cardiff.model.wsmodel.StatisticParameters.ResourceCategory">ALL</value>
                </list>
            </property>
            <property name="dashboardStatistics">
                <list>
                    <bean class="uk.ac.cardiff.raptorweb.model.dashboard.UniqueChartDashboardStatistic">
                        <property name="chartProcessor">
                            <ref bean="chartProcessor" />
                        </property>
                        <property name="dashboardStatisticType">
                            <value>NO_AUTHS</value>
                        </property>
                        <property name="statisticalUnitName">
                            <value>numberOfAuthenticationsPer</value>
                        </property>
                        <property name="enabled">
                            <value>true</value>
                        </property>
                        <property name="eventType">
                            <value>uk.ac.cardiff.model.event.EzproxyAuthenticationEvent</value>
                        </property>
                    </bean>
                    <bean class="uk.ac.cardiff.raptorweb.model.dashboard.NoRowsChartDashboardStatistic">
                        <property name="chartProcessor">
                            <ref bean="chartProcessor" />
                        </property>
                        <property name="dashboardStatisticType">
                            <value>NO_UNIQUE_AUTHS</value>
                        </property>
                        <property name="statisticalUnitName">
                            <value>numberOfUnqiueUsersPer</value>
                        </property>
                        <property name="enabled">
                            <value>true</value>
                        </property>
                        <property name="eventType">
                            <value>uk.ac.cardiff.model.event.EzproxyAuthenticationEvent</value>
                        </property>
                    </bean>
                    <bean class="uk.ac.cardiff.raptorweb.model.dashboard.DefaultChartDashboardStatistic">
                        <property name="chartProcessor">
                            <ref bean="chartProcessor" />
                        </property>
                        <property name="dashboardStatisticType">
                            <value>TOP_FIVE</value>
                        </property>
                        <property name="statisticalUnitName">
                            <value>top5Resources</value>
                        </property>
                        <property name="enabled">
                            <value>true</value>
                        </property>
                        <property name="eventType">
                            <value>uk.ac.cardiff.model.event.EzproxyAuthenticationEvent</value>
                        </property>
                    </bean>
                    <bean class="uk.ac.cardiff.raptorweb.model.dashboard.DefaultGraphDashboardStatistic">
                        <property name="chartProcessor">
                            <ref bean="chartProcessor" />
                        </property>
                        <property name="dashboardStatisticType">
                            <value>HEADLINE_GRAPH</value>
                        </property>
                        <property name="statisticalUnitName">
                            <value>numberOfAuthenticationsPerIntervalNumber</value>
                        </property>
                        <property name="enabled">
                            <value>true</value>
                        </property>
                        <property name="eventType">
                            <value>uk.ac.cardiff.model.event.EzproxyAuthenticationEvent</value>
                        </property>
                    </bean>
                    <bean class="uk.ac.cardiff.raptorweb.model.dashboard.DefaultChartDashboardStatistic">
                        <property name="chartProcessor">
                            <ref bean="chartProcessor" />
                        </property>
                        <property name="dashboardStatisticType">
                            <value>TOP_FIVE_UNIQUE</value>
                        </property>
                        <property name="statisticalUnitName">
                            <value>numberOfUniqueAuthenticationsPerSP</value>
                        </property>
                        <property name="enabled">
                            <value>true</value>
                        </property>
                        <property name="eventType">
                            <value>uk.ac.cardiff.model.event.EzproxyAuthenticationEvent</value>
                        </property>
                    </bean>
                </list>
            </property>
        </bean>

        <bean id="eduroamDashboardStatisticsSet" class="uk.ac.cardiff.raptorweb.model.dashboard.DashboardStatisticsSet">
            <property name="computedOverTimeRanges">
                <list>
                    <value type="uk.ac.cardiff.raptorweb.model.dashboard.DashboardStatisticsSet.TimeRange">TODAY</value>
                    <value type="uk.ac.cardiff.raptorweb.model.dashboard.DashboardStatisticsSet.TimeRange">LASTWEEK</value>
                    <value type="uk.ac.cardiff.raptorweb.model.dashboard.DashboardStatisticsSet.TimeRange">LASTMONTH</value>
                    <value type="uk.ac.cardiff.raptorweb.model.dashboard.DashboardStatisticsSet.TimeRange">LASTYEAR</value>
                </list>
            </property>
            <property name="resourceCategorys">
                <list>
                    <value type="uk.ac.cardiff.model.wsmodel.StatisticParameters.ResourceCategory">INTERNAL</value>
                    <value type="uk.ac.cardiff.model.wsmodel.StatisticParameters.ResourceCategory">EXTERNAL</value>
                    <value type="uk.ac.cardiff.model.wsmodel.StatisticParameters.ResourceCategory">ALL</value>
                </list>
            </property>
            <property name="dashboardStatistics">
                <list>
                    <bean class="uk.ac.cardiff.raptorweb.model.dashboard.DefaultGraphDashboardStatistic">
                        <property name="chartProcessor">
                            <ref bean="chartProcessor" />
                        </property>
                        <property name="dashboardStatisticType">
                            <value>HEADLINE_GRAPH</value>
                        </property>
                        <property name="statisticalUnitName">
                            <value>numberOfAuthenticationsPerIntervalNumber</value>
                        </property>
                        <property name="enabled">
                            <value>true</value>
                        </property>
                        <property name="eventType">
                            <value>uk.ac.cardiff.model.event.EduroamRadiusAuthenticationEvent</value>
                        </property>

                    </bean>
                    <bean class="uk.ac.cardiff.raptorweb.model.dashboard.UniqueChartDashboardStatistic">
                        <property name="chartProcessor">
                            <ref bean="chartProcessor" />
                        </property>
                        <property name="dashboardStatisticType">
                            <value>NO_AUTHS</value>
                        </property>
                        <property name="statisticalUnitName">
                            <value>numberOfAuthenticationsPer</value>
                        </property>
                        <property name="enabled">
                            <value>true</value>
                        </property>
                        <property name="eventType">
                            <value>uk.ac.cardiff.model.event.EduroamRadiusAuthenticationEvent</value>
                        </property>
                    </bean>
                    <bean class="uk.ac.cardiff.raptorweb.model.dashboard.NoRowsChartDashboardStatistic">
                        <property name="chartProcessor">
                            <ref bean="chartProcessor" />
                        </property>
                        <property name="dashboardStatisticType">
                            <value>NO_UNIQUE_AUTHS</value>
                        </property>
                        <property name="statisticalUnitName">
                            <value>numberOfUnqiueUsersPer</value>
                        </property>
                        <property name="enabled">
                            <value>true</value>
                        </property>
                        <property name="eventType">
                            <value>uk.ac.cardiff.model.event.EduroamRadiusAuthenticationEvent</value>
                        </property>
                    </bean>
                    <bean class="uk.ac.cardiff.raptorweb.model.dashboard.DefaultChartDashboardStatistic">
                        <property name="chartProcessor">
                            <ref bean="chartProcessor" />
                        </property>
                        <property name="dashboardStatisticType">
                            <value>TOP_FIVE</value>
                        </property>
                        <property name="statisticalUnitName">
                            <value>top5Resources</value>
                        </property>
                        <property name="enabled">
                            <value>true</value>
                        </property>
                        <property name="eventType">
                            <value>uk.ac.cardiff.model.event.EduroamRadiusAuthenticationEvent</value>
                        </property>
                    </bean>
                    <bean class="uk.ac.cardiff.raptorweb.model.dashboard.DefaultChartDashboardStatistic">
                        <property name="chartProcessor">
                            <ref bean="chartProcessor" />
                        </property>
                        <property name="dashboardStatisticType">
                            <value>TOP_FIVE_UNIQUE</value>
                        </property>
                        <property name="statisticalUnitName">
                            <value>numberOfUniqueAuthenticationsPerSP</value>
                        </property>
                        <property name="enabled">
                            <value>true</value>
                        </property>
                        <property name="eventType">
                            <value>uk.ac.cardiff.model.event.EduroamRadiusAuthenticationEvent</value>
                        </property>
                    </bean>
                </list>
            </property>
        </bean>

        <bean id="moonshotDashboardStatisticsSet" class="uk.ac.cardiff.raptorweb.model.dashboard.DashboardStatisticsSet">
            <property name="computedOverTimeRanges">
                <list>
                    <value type="uk.ac.cardiff.raptorweb.model.dashboard.DashboardStatisticsSet.TimeRange">TODAY</value>
                    <value type="uk.ac.cardiff.raptorweb.model.dashboard.DashboardStatisticsSet.TimeRange">LASTWEEK</value>
                    <value type="uk.ac.cardiff.raptorweb.model.dashboard.DashboardStatisticsSet.TimeRange">LASTMONTH</value>
                    <value type="uk.ac.cardiff.raptorweb.model.dashboard.DashboardStatisticsSet.TimeRange">LASTYEAR</value>
                </list>
            </property>
            <property name="resourceCategorys">
                <list>
                    <value type="uk.ac.cardiff.model.wsmodel.StatisticParameters.ResourceCategory">INTERNAL</value>
                    <value type="uk.ac.cardiff.model.wsmodel.StatisticParameters.ResourceCategory">EXTERNAL</value>
                    <value type="uk.ac.cardiff.model.wsmodel.StatisticParameters.ResourceCategory">ALL</value>
                </list>
            </property>
            <property name="dashboardStatistics">
                <list>
                    <bean class="uk.ac.cardiff.raptorweb.model.dashboard.DefaultGraphDashboardStatistic">
                        <property name="chartProcessor">
                            <ref bean="chartProcessor" />
                        </property>
                        <property name="dashboardStatisticType">
                            <value>HEADLINE_GRAPH</value>
                        </property>
                        <property name="statisticalUnitName">
                            <value>numberOfAuthenticationsPerIntervalNumber</value>
                        </property>
                        <property name="enabled">
                            <value>true</value>
                        </property>
                        <property name="eventType">
                            <value>uk.ac.cardiff.model.event.MoonshotRadiusAuthenticationEvent</value>
                        </property>

                    </bean>
                    <bean class="uk.ac.cardiff.raptorweb.model.dashboard.UniqueChartDashboardStatistic">
                        <property name="chartProcessor">
                            <ref bean="chartProcessor" />
                        </property>
                        <property name="dashboardStatisticType">
                            <value>NO_AUTHS</value>
                        </property>
                        <property name="statisticalUnitName">
                            <value>numberOfAuthenticationsPer</value>
                        </property>
                        <property name="enabled">
                            <value>true</value>
                        </property>
                        <property name="eventType">
                            <value>uk.ac.cardiff.model.event.MoonshotRadiusAuthenticationEvent</value>
                        </property>
                    </bean>
                    <bean class="uk.ac.cardiff.raptorweb.model.dashboard.NoRowsChartDashboardStatistic">
                        <property name="chartProcessor">
                            <ref bean="chartProcessor" />
                        </property>
                        <property name="dashboardStatisticType">
                            <value>NO_UNIQUE_AUTHS</value>
                        </property>
                        <property name="statisticalUnitName">
                            <value>numberOfUnqiueUsersPer</value>
                        </property>
                        <property name="enabled">
                            <value>true</value>
                        </property>
                        <property name="eventType">
                            <value>uk.ac.cardiff.model.event.MoonshotRadiusAuthenticationEvent</value>
                        </property>
                    </bean>
                    <bean class="uk.ac.cardiff.raptorweb.model.dashboard.DefaultChartDashboardStatistic">
                        <property name="chartProcessor">
                            <ref bean="chartProcessor" />
                        </property>
                        <property name="dashboardStatisticType">
                            <value>TOP_FIVE</value>
                        </property>
                        <property name="statisticalUnitName">
                            <value>top5Resources</value>
                        </property>
                        <property name="enabled">
                            <value>true</value>
                        </property>
                        <property name="eventType">
                            <value>uk.ac.cardiff.model.event.MoonshotRadiusAuthenticationEvent</value>
                        </property>
                    </bean>
                    <bean class="uk.ac.cardiff.raptorweb.model.dashboard.DefaultChartDashboardStatistic">
                        <property name="chartProcessor">
                            <ref bean="chartProcessor" />
                        </property>
                        <property name="dashboardStatisticType">
                            <value>TOP_FIVE_UNIQUE</value>
                        </property>
                        <property name="statisticalUnitName">
                            <value>numberOfUniqueAuthenticationsPerSP</value>
                        </property>
                        <property name="enabled">
                            <value>true</value>
                        </property>
                        <property name="eventType">
                            <value>uk.ac.cardiff.model.event.MoonshotRadiusAuthenticationEvent</value>
                        </property>
                    </bean>
                </list>
            </property>
        </bean>
    </util:list>



</beans>
