<?xml version="1.0" encoding="UTF-8"?>

<configuration>

  <property name="LOG_HOME" value="logs" />

   

  <appender name="FILE" class="ch.qos.logback.core.rolling.RollingFileAppender">
    <file>${LOG_HOME}/raptor-web-process.log</file>
     <rollingPolicy class="ch.qos.logback.core.rolling.TimeBasedRollingPolicy">
      <!-- daily rollover -->
      <fileNamePattern>${LOG_HOME}/raptor-web-process.%d{yyyy-MM-dd}.log</fileNamePattern>
      <!-- keep 30 days' worth of history -->
      <maxHistory>30</maxHistory>
    </rollingPolicy>
    <encoder>
      <pattern>%5p %d \(%C{3}:%L\) ---&gt; %m%n</pattern>
    </encoder>
  </appender>



  <logger name="org.springframework" level="ERROR">
    <appender-ref ref="FILE"/>
  </logger>
  <logger name="uk.ac.cardiff" level="INFO">
    <appender-ref ref="FILE"/>
  </logger>
  <logger name="org.eclipse.jetty" level="ERROR">
    <appender-ref ref="FILE"/>
  </logger>

  <logger name="org.apache.cxf" level="ERROR">
    <appender-ref ref="FILE"/>
  </logger>


</configuration>