<?xml version="1.0" encoding="UTF-8"?>

<beans xmlns="http://www.springframework.org/schema/beans"
	xmlns:s="http://www.springframework.org/schema/security" xmlns:xsi="http://www.w3.org/2001/XMLSchema-instance"
	xsi:schemaLocation="http://www.springframework.org/schema/beans http://www.springframework.org/schema/beans/spring-beans-2.5.xsd
	    http://www.springframework.org/schema/security http://www.springframework.org/schema/security/spring-security-3.0.xsd">


    
	<!-- Usernames/Passwords -->

     <s:authentication-manager>
        <s:authentication-provider>
            <s:password-encoder hash="md5" />
            <s:user-service>
                <s:user name="admin" password="20076547310803443eb482ec21bc3c3a"
                    authorities="ROLE_ADMIN" />
            </s:user-service>
        </s:authentication-provider>
    </s:authentication-manager>
    


</beans>