<?xml version="1.0" encoding="UTF-8"?>
<!-- Copyright (C) 2010 Cardiff University, Wales <smartp@cf.ac.uk> Licensed 
	under the Apache License, Version 2.0 (the "License"); you may not use this 
	file except in compliance with the License. You may obtain a copy of the 
	License at http://www.apache.org/licenses/LICENSE-2.0 Unless required by 
	applicable law or agreed to in writing, software distributed under the License 
	is distributed on an "AS IS" BASIS, WITHOUT WARRANTIES OR CONDITIONS OF ANY 
	KIND, either express or implied. See the License for the specific language 
	governing permissions and limitations under the License. -->

	<configuration>

		<property name="LOG_HOME" value="logs" />


		<appender name="FILE"
			class="ch.qos.logback.core.rolling.RollingFileAppender">
			<file>${LOG_HOME}/raptor-mua-process.log</file>
			<rollingPolicy class="ch.qos.logback.core.rolling.TimeBasedRollingPolicy">
				<!-- daily rollover -->
				<fileNamePattern>${LOG_HOME}/raptor-mua-process.%d{yyyy-MM-dd}.log
				</fileNamePattern>
				<!-- keep 30 days' worth of history -->
				<maxHistory>30</maxHistory>
			</rollingPolicy>
			<encoder>
				<pattern>%5p %d \(%C{3}:%L\) ---&gt; %m%n</pattern>
			</encoder>
		</appender>


		<logger name="uk.ac.cardiff" level="INFO">
			<appender-ref ref="FILE" />
		</logger>
		<logger name="org.springframework" level="INFO">
			<appender-ref ref="FILE" />
		</logger>
		<logger name="org.eclipse.jetty" level="INFO">
			<appender-ref ref="FILE" />
		</logger>
		<logger name="org.hibernate" level="ERROR">
			<appender-ref ref="FILE" />
		</logger>
		<logger name="org.opensaml.saml2.metadata.provider" level="INFO">
			<appender-ref ref="FILE" />
		</logger>
		<logger name="org.apache.cxf" level="INFO">
			<appender-ref ref="FILE" />
		</logger>
		<logger name="com.mchange.v2.c3p0" level="ERROR">
			<appender-ref ref="FILE" />
		</logger>


	</configuration>