<?xml version="1.0" encoding="UTF-8"?>
<!--

    Copyright (C) 2010 Cardiff University, Wales <smartp@cf.ac.uk>

    Licensed under the Apache License, Version 2.0 (the "License");
    you may not use this file except in compliance with the License.
    You may obtain a copy of the License at

            http://www.apache.org/licenses/LICENSE-2.0

    Unless required by applicable law or agreed to in writing, software
    distributed under the License is distributed on an "AS IS" BASIS,
    WITHOUT WARRANTIES OR CONDITIONS OF ANY KIND, either express or implied.
    See the License for the specific language governing permissions and
    limitations under the License.

-->
<beans xmlns="http://www.springframework.org/schema/beans"
	xmlns:xsi="http://www.w3.org/2001/XMLSchema-instance"
	xsi:schemaLocation="
	http://www.springframework.org/schema/beans http://www.springframework.org/schema/beans/spring-beans.xsd">
    




	<!--  actual definitions of statistical units used to process the data within the MUA
	This includes:
		unitName - a text description of the statistic used for reference within the web UI
		field - the name of the entry field that the statistic operates over
		methodName - the name of the internal statistical method that you invoke (a list of these and their values is provided in statistics.html)
		startTime - defines the temporal extent over which the statistic is invoked (if no start time is used, the starttime of the first entry is used instead)
		endTime - defines the temporal extent over which the statistics is invoked (if no end time is used, the endtime of the last entry is used instead)
		methodParams - the values you pass into the methodName (see statistics.html for a list of these methods and their values)
		-->
        
     <!-- Just statistic -->
    
    <bean id="juspMonthlyStatistic" class="uk.ac.cardiff.raptormua.engine.statistics.functions.JuspStatisticalFunction">
        <property name="StatisticParameters">
            <bean class="uk.ac.cardiff.model.wsmodel.StatisticParameters">
                    <property name="statisticType"><value>User</value></property>
                    <property name="eventType"><value>uk.ac.cardiff.model.event.JuspAggregatedEvent</value></property>
                    <property name="unitName"><value>Jusp Monthly Report</value></property>
                    <property name="startTime"><value>20121201T140000</value></property>   <!-- presently only ddMMyyy or yyyyMMdd'T'HHmmss -->
                    <property name="endTime"><value>20121230T170000</value></property>  <!-- presently only ddMMyyy or yyyyMMdd'T'HHmmss e.g. 20101020T225100Z -->
                    <property name="methodParams">
                        <list>
                            <bean class="uk.ac.cardiff.model.wsmodel.MethodParameter">
                                <property name="value"><value>cra</value></property>
                            </bean>                           
                        </list>
                    </property>

                    <property name="series">
                        <list>
                            <bean class="uk.ac.cardiff.model.report.Series">
                                <property name="seriesLabel" value="JR1 Downloads"/>
                            </bean>
                            <bean class="uk.ac.cardiff.model.report.Series">
                                <property name="seriesLabel" value="JR1a Downloads"/>
                                <property name="dummySeries" value="true"/>
                            </bean>
                            <bean class="uk.ac.cardiff.model.report.Series">
                                <property name="seriesLabel" value="Total Number of downloads"/>
                                <property name="dummySeries" value="true"/>
                            </bean>
                        </list>
                    </property>
                                      

                    <property name="presentation">
                        <bean class="uk.ac.cardiff.model.report.Presentation">
                            <property name="graphTitle" value="Jusp Monthly Report"/>
                            <property name="xAxisLabel" value="Platform Name"/>
                             <property name="yAxisLabel" value="Number of downloads"/>
                        </bean>
                    </property>
            </bean>
        </property>
    </bean>


	<bean id="authTimeBuckets" class="uk.ac.cardiff.raptormua.engine.statistics.functions.CountEntryPerInterval">
		<property name="StatisticParameters">
			<bean class="uk.ac.cardiff.model.wsmodel.StatisticParameters">
					<property name="statisticType"><value>User</value></property>
                    <property name="eventType"><value>uk.ac.cardiff.model.event.ShibbolethIdpAuthenticationEvent</value></property>
					<property name="unitName"><value>Number of authentications over defined interval</value></property>
					<property name="startTime"><value>20100520T140000</value></property>   <!-- presently only ddMMyyy or yyyyMMdd'T'HHmmss -->
					<property name="endTime"><value>20110522T170000</value></property>  <!-- presently only ddMMyyy or yyyyMMdd'T'HHmmss e.g. 20101020T225100Z -->
					<property name="methodParams">
						<list>
							<bean class="uk.ac.cardiff.model.wsmodel.MethodParameter">
								<property name="value"><value>200</value></property>
							</bean>
						</list>
					</property>

					<property name="series">
                        <list>
                            <bean class="uk.ac.cardiff.model.report.Series">
                                <property name="seriesLabel" value="Number of authentications"/>
                            </bean>
                        </list>
					</property>

					<property name="presentation">
                        <bean class="uk.ac.cardiff.model.report.Presentation">
                            <property name="graphTitle" value="Authentications to All Service Providers"/>
                            <property name="xAxisLabel" value="Time"/>
                             <property name="yAxisLabel" value="Number"/>
                        </bean>
                    </property>
			</bean>
		</property>
	</bean>

	<bean id="authTimeBucketsCount" class="uk.ac.cardiff.raptormua.engine.statistics.functions.CountEntry">
	<property name="StatisticParameters">
			<bean class="uk.ac.cardiff.model.wsmodel.StatisticParameters">
					<property name="statisticType"><value>User</value></property>
                     <property name="eventType"><value>uk.ac.cardiff.model.event.ShibbolethIdpAuthenticationEvent</value></property>
					<property name="unitName"><value>Number of authentications over defined segments</value></property>
					<property name="startTime"><value>20101020T140000</value></property> <!--  presently only ddMMyyy or yyyyMMdd'T'HHmmss-->
					<property name="endTime"><value>20111020T170000</value></property> <!--  presently only ddMMyyy or yyyyMMdd'T'HHmmss e.g. 20101020T225100Z-->
					<property name="methodParams">
						<list>
							<bean class="uk.ac.cardiff.model.wsmodel.MethodParameter">
								<property name="value"><value>13</value></property>
							</bean>
						</list>
					</property>

					<property name="series">
                        <list>
                            <bean class="uk.ac.cardiff.model.report.Series">
                                <property name="seriesLabel" value="Number of authentications"/>
                            </bean>
                        </list>
                    </property>

                    <property name="presentation">
                        <bean class="uk.ac.cardiff.model.report.Presentation">
                            <property name="graphTitle" value="Authentications over a time range"/>
                            <property name="xAxisLabel" value="Time"/>
                             <property name="yAxisLabel" value="Number"/>
                        </bean>
                    </property>
			</bean>
		</property>
	</bean>


	<bean id="groupBy" class="uk.ac.cardiff.raptormua.engine.statistics.functions.GroupByFrequency">
		<property name="StatisticParameters">
			<bean class="uk.ac.cardiff.model.wsmodel.StatisticParameters">
					<property name="statisticType"><value>User</value></property>
                     <property name="eventType"><value>uk.ac.cardiff.model.event.ShibbolethIdpAuthenticationEvent</value></property>
					<property name="unitName"><value>Number of authentications grouped by particular field</value></property>
					<property name="startTime"><value>20110115T140000</value></property>   <!-- presently only ddMMyyy or yyyyMMdd'T'HHmmss -->
					<property name="endTime"><value>20110120T170000</value></property>  <!-- presently only ddMMyyy or yyyyMMdd'T'HHmmss e.g. 20101020T225100Z -->
					<property name="methodParams">
						<list>
							<bean class="uk.ac.cardiff.model.wsmodel.MethodParameter">
								<property name="value"><value>resourceId</value></property>
							</bean>
						</list>
					</property>

					<property name="series">
                        <list>
                            <bean class="uk.ac.cardiff.model.report.Series">
                                <property name="seriesLabel" value="Number of authentications"/>
                            </bean>
                        </list>
                    </property>


                    <property name="presentation">
                        <bean class="uk.ac.cardiff.model.report.Presentation">
                            <property name="graphTitle" value="Number of authentications grouped by"/>
                            <property name="xAxisLabel" value="Time"/>
                             <property name="yAxisLabel" value="Number"/>
                        </bean>
                    </property>
			</bean>
		</property>
         <property name="attachProcessors">
            <list>
                <bean class="uk.ac.cardiff.model.wsmodel.ProcessorInformation">
                    <property name="processorClass">
                        <value>uk.ac.cardiff.raptormua.engine.statistics.processor.SamlMetadataNameFormatter</value>
                    </property>
                </bean>
                <bean class="uk.ac.cardiff.model.wsmodel.ProcessorInformation">
                    <property name="processorClass">
                        <value>uk.ac.cardiff.raptormua.engine.statistics.processor.SortGroupsAlphabeticallyPostProcessor</value>
                    </property>
                    <property name="methodParameters">
                        <list>
                            <bean class="uk.ac.cardiff.model.wsmodel.MethodParameter">
                                <property name="parameterType" value="VALUE" />
                                <property name="parameterName" value="Ascending"></property>   
                                <property name="value">
                                    <value type="java.lang.Boolean">true</value>
                                </property>
                            </bean>
                        </list>
                    </property>
                </bean>               
            </list>
        </property>
	</bean>


	<bean id="authenticationsForOneSP" class="uk.ac.cardiff.raptormua.engine.statistics.functions.CountEntryPerInterval">
		<property name="StatisticParameters">
			<bean class="uk.ac.cardiff.model.wsmodel.StatisticParameters">
					<property name="statisticType"><value>User</value></property>
                     <property name="eventType"><value>uk.ac.cardiff.model.event.ShibbolethIdpAuthenticationEvent</value></property>
					<property name="unitName"><value>Comparison of authentications for particular Service Providers</value></property>
					<property name="startTime"><value>20110116T140000</value></property>   <!-- presently only ddMMyyy or yyyyMMdd'T'HHmmss -->
					<property name="endTime"><value>20110117T170000</value></property>  <!-- presently only ddMMyyy or yyyyMMdd'T'HHmmss e.g. 20101020T225100Z -->
					<property name="methodParams">
						<list>
							<bean class="uk.ac.cardiff.model.wsmodel.MethodParameter">
								<property name="value"><value>100</value></property>
							</bean>
						</list>
					</property>

					<property name="series">
                        <list>
                            <bean class="uk.ac.cardiff.model.report.Series">
                                <property name="seriesLabel" value="https://sdauth.sciencedirect.com/"/>
                               <property name="comparisonPredicate">
									 <bean class="uk.ac.cardiff.model.sql.ComparisonPredicate">
									 		<property name="compOp" value="EQUAL"/>
									 		<property name="fieldName" value="resourceId"/>
									 		<property name="value" value="https://sdauth.sciencedirect.com/"/>
									 </bean>
								</property>
                            </bean>
							 <bean class="uk.ac.cardiff.model.report.Series">
                                <property name="seriesLabel" value="https://scauth.scopus.com/"/>
                                <property name="comparisonPredicate">
									 	<bean class="uk.ac.cardiff.model.sql.ComparisonPredicate">
									 			<property name="compOp" value="EQUAL"/>
									 			<property name="fieldName" value="resourceId"/>
									 			<property name="value" value="https://scauth.scopus.com/"/>
									 	</bean>
								</property>
                            </bean>
                        </list>
                    </property>

					 <property name="presentation">
                        <bean class="uk.ac.cardiff.model.report.Presentation">
                            <property name="graphTitle" value="Comparison of authentications for particular Service Providers"/>
                            <property name="xAxisLabel" value="Time"/>
                             <property name="yAxisLabel" value="Number"/>
                        </bean>
                    </property>
			</bean>
		</property>
		 
	</bean>

	<bean id="authsPerSchool" class="uk.ac.cardiff.raptormua.engine.statistics.functions.GroupByFrequency">
        <property name="StatisticParameters">
            <bean class="uk.ac.cardiff.model.wsmodel.StatisticParameters">
                    <property name="statisticType"><value>User</value></property>
                    <property name="eventType"><value>uk.ac.cardiff.model.event.ShibbolethIdpAuthenticationEvent</value></property>
                    <property name="unitName"><value>Number of authentications per school</value></property>
                    <property name="startTime"><value>20100520T140000</value></property>   <!-- presently only ddMMyyy or yyyyMMdd'T'HHmmss -->
                    <property name="endTime"><value>20110522T170000</value></property>  <!-- presently only ddMMyyy or yyyyMMdd'T'HHmmss e.g. 20101020T225100Z -->
                    <property name="methodParams">
                        <list>
                            <bean class="uk.ac.cardiff.model.wsmodel.MethodParameter">
                                <property name="value"><value>principalInformation.school</value></property>
                            </bean>
                        </list>
                    </property>

                    <property name="series">
                        <list>
                            <bean class="uk.ac.cardiff.model.report.Series">
                                <property name="seriesLabel" value="Number of authentications (ALL)"/>
                            </bean>
                            <bean class="uk.ac.cardiff.model.report.Series">
                                <property name="seriesLabel" value="Number of authentications (Undergraduate)"/>
                                <property name="comparisonPredicate">
                                        <bean class="uk.ac.cardiff.model.sql.ComparisonPredicate">
                                                <property name="compOp" value="EQUAL"/>
                                                <property name="fieldName" value="principalInformation.affiliation"/>
                                                <property name="value" value="U"/>
                                        </bean>
                                </property>
                            </bean>
                        </list>
                    </property>


                    <property name="presentation">
                        <bean class="uk.ac.cardiff.model.report.Presentation">
                            <property name="graphTitle" value="Number of authentications per school"/>
                            <property name="xAxisLabel" value="Time"/>
                             <property name="yAxisLabel" value="Number"/>
                        </bean>
                    </property>
            </bean>
        </property>
          <property name="attachProcessors">
            <list>
                <bean class="uk.ac.cardiff.model.wsmodel.ProcessorInformation">
                    <property name="processorClass">
                        <value>uk.ac.cardiff.raptormua.engine.statistics.processor.SortGroupsAlphabeticallyPostProcessor</value>
                    </property>
                    <property name="methodParameters">
                        <list>
                            <bean class="uk.ac.cardiff.model.wsmodel.MethodParameter">
                                <property name="parameterType" value="VALUE" />
                                <property name="parameterName" value="Ascending"></property>   
                                <property name="value">
                                    <value type="java.lang.Boolean">true</value>
                                </property>
                            </bean>
                        </list>
                    </property>
                </bean>               
            </list>
        </property>
    </bean>

        <bean id="authsPerPersonAffiliation" class="uk.ac.cardiff.raptormua.engine.statistics.functions.GroupByFrequency">
        <property name="StatisticParameters">
            <bean class="uk.ac.cardiff.model.wsmodel.StatisticParameters">
                    <property name="statisticType"><value>User</value></property>
                    <property name="eventType"><value>uk.ac.cardiff.model.event.ShibbolethIdpAuthenticationEvent</value></property>
                    <property name="unitName"><value>Number of authentications per affiliation type</value></property>
                    <property name="startTime"><value>20100520T140000</value></property>   <!-- presently only ddMMyyy or yyyyMMdd'T'HHmmss -->
                    <property name="endTime"><value>20110522T170000</value></property>  <!-- presently only ddMMyyy or yyyyMMdd'T'HHmmss e.g. 20101020T225100Z -->
                    <property name="methodParams">
                        <list>
                            <bean class="uk.ac.cardiff.model.wsmodel.MethodParameter">
                                <property name="value"><value>principalInformation.affiliation</value></property>
                            </bean>
                        </list>
                    </property>

                    <property name="series">
                        <list>
                            <bean class="uk.ac.cardiff.model.report.Series">
                                <property name="seriesLabel" value="Number of authentications"/>
                            </bean>
                        </list>
                    </property>


                    <property name="presentation">
                        <bean class="uk.ac.cardiff.model.report.Presentation">
                            <property name="graphTitle" value="Number of authentications per affiliation type"/>
                            <property name="xAxisLabel" value="Time"/>
                             <property name="yAxisLabel" value="Number"/>
                        </bean>
                    </property>
            </bean>
        </property>
       <property name="attachProcessors">
            <list>
                <bean class="uk.ac.cardiff.model.wsmodel.ProcessorInformation">
                    <property name="processorClass">
                        <value>uk.ac.cardiff.raptormua.engine.statistics.processor.SortGroupsAlphabeticallyPostProcessor</value>
                    </property>
                    <property name="methodParameters">
                        <list>
                            <bean class="uk.ac.cardiff.model.wsmodel.MethodParameter">
                                <property name="parameterType" value="VALUE" />
                                <property name="parameterName" value="Ascending"></property>   
                                <property name="value">
                                    <value type="java.lang.Boolean">true</value>
                                </property>
                            </bean>
                        </list>
                    </property>
                </bean>               
            </list>
        </property>
    </bean>

	


	


</beans>
