<?xml version="1.0" encoding="UTF-8"  ?>
<!DOCTYPE jasperReport PUBLIC "//JasperReports//DTD Report Design//EN" "http://jasperreports.sourceforge.net/dtds/jasperreport.dtd">
<jasperReport name="crosstabtest" columnCount="1"
	printOrder="Vertical" orientation="Portrait" pageWidth="612"
	pageHeight="792" columnWidth="552" columnSpacing="0" leftMargin="30"
	rightMargin="30" topMargin="20" bottomMargin="20" whenNoDataType="NoPages"
	isTitleNewPage="false" isSummaryNewPage="false">
	<property name="ireport.scriptlethandling" value="0" />
	<property name="ireport.encoding" value="UTF-8" />
	<import value="java.util.*" />
	<import value="net.sf.jasperreports.engine.*" />
	<import value="net.sf.jasperreports.engine.data.*" />
	<parameter name="image" class="java.awt.Image"/>

	<field name="header" class="java.lang.String" />
	<field name="row" class="java.lang.String" />
	<field name="value" class="java.lang.String" />
	

	<background>
		<band height="0" isSplitAllowed="true">
		</band>
	</background>
	<title>
		<band height="50" isSplitAllowed="true">
			<staticText>
				<reportElement x="0" y="0" width="552" height="50"
					key="staticText-1" />
				<box>
					<topPen lineWidth="0.0" lineStyle="Solid" lineColor="#000000" />
					<leftPen lineWidth="0.0" lineStyle="Solid" lineColor="#000000" />
					<bottomPen lineWidth="0.0" lineColor="#000000" />
					<rightPen lineWidth="0.0" lineStyle="Solid" lineColor="#000000" />
				</box>
				<textElement>
					<font />
				</textElement>
				<text><![CDATA[CrossTab Test]]></text>
			</staticText>
		</band>
	</title>
	<pageHeader>
		<band height="0" isSplitAllowed="true">
		</band>
	</pageHeader>
	<columnHeader>
		<band height="0" isSplitAllowed="true">
		</band>
	</columnHeader>
	<detail>
		<band height="600" isSplitAllowed="true">
			<image scaleImage="RetainShape" hAlign="Center" isUsingCache="true" isLazy="true">
				<reportElement x="0" y="30" width="500" height="500"/>
				<imageExpression class="java.awt.Image"><![CDATA[$P{image}]]></imageExpression>
			</image>
		</band>
	</detail>
	<columnFooter>
		<band height="0" isSplitAllowed="true">
		</band>
	</columnFooter>
	<pageFooter>
		<band height="0" isSplitAllowed="true">
		</band>
	</pageFooter>
	<summary>
		<band height="240" isSplitAllowed="true">
			<crosstab>
				<reportElement x="0" y="0" width="552" height="240"
					key="crosstab-1" />
				<crosstabDataset isDataPreSorted="true">
					<dataset>
					</dataset>
				</crosstabDataset>
				<crosstabHeaderCell>
					<cellContents mode="Transparent">
						<box>
							<topPen lineWidth="0.0" lineStyle="Solid" lineColor="#000000" />
							<leftPen lineWidth="0.0" lineStyle="Solid" lineColor="#000000" />
							<bottomPen lineWidth="0.0" lineColor="#000000" />
							<rightPen lineWidth="0.0" lineStyle="Solid" lineColor="#000000" />
						</box>
					</cellContents>
				</crosstabHeaderCell>
				<rowGroup name="row" width="100">
					<bucket>
						<bucketExpression class="java.lang.String"><![CDATA[$F{row}]]></bucketExpression>
					</bucket>
					<crosstabRowHeader>
						<cellContents mode="Transparent">
							<box>
								<topPen lineWidth="0.0" lineStyle="Solid" lineColor="#000000" />
								<leftPen lineWidth="1.0" lineStyle="Solid" lineColor="#000000" />
								<bottomPen lineWidth="0.0" lineColor="#000000" />
								<rightPen lineWidth="1.0" lineStyle="Solid" lineColor="#000000" />
							</box>
							<textField isStretchWithOverflow="false"
								isBlankWhenNull="false" evaluationTime="Now" hyperlinkType="None"
								hyperlinkTarget="Self">
								<reportElement x="0" y="0" width="100" height="30"
									key="textField" />
								<box>
									<topPen lineWidth="0.0" lineStyle="Solid" lineColor="#000000" />
									<leftPen lineWidth="0.0" lineStyle="Solid" lineColor="#000000" />
									<bottomPen lineWidth="0.0" lineColor="#000000" />
									<rightPen lineWidth="0.0" lineStyle="Solid" lineColor="#000000" />
								</box>
								<textElement textAlignment="Center"
									verticalAlignment="Middle">
									<font />
								</textElement>
								<textFieldExpression class="java.lang.String"><![CDATA[$V{row}]]></textFieldExpression>
							</textField>
						</cellContents>
					</crosstabRowHeader>
					<crosstabTotalRowHeader>
						<cellContents mode="Transparent">
							<box>
								<topPen lineWidth="0.0" lineStyle="Solid" lineColor="#000000" />
								<leftPen lineWidth="1.0" lineStyle="Solid" lineColor="#000000" />
								<bottomPen lineWidth="0.0" lineColor="#000000" />
								<rightPen lineWidth="1.0" lineStyle="Solid" lineColor="#000000" />
							</box>
						</cellContents>
					</crosstabTotalRowHeader>
				</rowGroup>
				<columnGroup name="header" height="25" headerPosition="Center">
					<bucket>
						<bucketExpression class="java.lang.String"><![CDATA[$F{header}]]></bucketExpression>
					</bucket>
					<crosstabColumnHeader>
						<cellContents mode="Transparent">
							<box>
								<topPen lineWidth="1.0" lineStyle="Solid" lineColor="#000000" />
								<leftPen lineWidth="0.0" lineStyle="Solid" lineColor="#000000" />
								<bottomPen lineWidth="0.0" lineColor="#000000" />
								<rightPen lineWidth="1.0" lineStyle="Solid" lineColor="#000000" />
							</box>
							<textField isStretchWithOverflow="false"
								isBlankWhenNull="false" evaluationTime="Now" hyperlinkType="None"
								hyperlinkTarget="Self">
								<reportElement x="0" y="0" width="50" height="25"
									key="textField" />
								<box>
									<topPen lineWidth="0.0" lineStyle="Solid" lineColor="#000000" />
									<leftPen lineWidth="0.0" lineStyle="Solid" lineColor="#000000" />
									<bottomPen lineWidth="0.0" lineColor="#000000" />
									<rightPen lineWidth="0.0" lineStyle="Solid" lineColor="#000000" />
								</box>
								<textElement textAlignment="Center"
									verticalAlignment="Middle">
									<font />
								</textElement>
								<textFieldExpression class="java.lang.String"><![CDATA[$V{header}]]></textFieldExpression>
							</textField>
						</cellContents>
					</crosstabColumnHeader>
					<crosstabTotalColumnHeader>
						<cellContents mode="Transparent">
							<box>
								<topPen lineWidth="1.0" lineStyle="Solid" lineColor="#000000" />
								<leftPen lineWidth="0.0" lineStyle="Solid" lineColor="#000000" />
								<bottomPen lineWidth="0.0" lineColor="#000000" />
								<rightPen lineWidth="1.0" lineStyle="Solid" lineColor="#000000" />
							</box>
						</cellContents>
					</crosstabTotalColumnHeader>
				</columnGroup>

				<measure name="value_Count" class="java.lang.String"
					calculation="Count">
					<measureExpression><![CDATA[$F{value}]]></measureExpression>
				</measure>
				<crosstabCell width="50" height="30">
					<cellContents mode="Transparent">
						<box>
							<topPen lineWidth="0.0" lineStyle="Solid" lineColor="#000000" />
							<leftPen lineWidth="0.0" lineStyle="Solid" lineColor="#000000" />
							<bottomPen lineWidth="0.0" lineColor="#000000" />
							<rightPen lineWidth="1.0" lineStyle="Solid" lineColor="#000000" />
						</box>
						<textField isStretchWithOverflow="false"
							isBlankWhenNull="false" evaluationTime="Now" hyperlinkType="None"
							hyperlinkTarget="Self">
							<reportElement x="0" y="0" width="50" height="30"
								key="textField" />
							<box>
								<topPen lineWidth="0.0" lineStyle="Solid" lineColor="#000000" />
								<leftPen lineWidth="0.0" lineStyle="Solid" lineColor="#000000" />
								<bottomPen lineWidth="0.0" lineColor="#000000" />
								<rightPen lineWidth="0.0" lineStyle="Solid" lineColor="#000000" />
							</box>
							<textElement textAlignment="Center"
								verticalAlignment="Middle">
								<font />
							</textElement>
							<textFieldExpression class="java.lang.String"><![CDATA[$V{value_Count}]]></textFieldExpression>
						</textField>
					</cellContents>
				</crosstabCell>
				<crosstabCell width="50" height="30" columnTotalGroup="header">
					<cellContents mode="Transparent">
						<box>
							<topPen lineWidth="0.0" lineStyle="Solid" lineColor="#000000" />
							<leftPen lineWidth="0.0" lineStyle="Solid" lineColor="#000000" />
							<bottomPen lineWidth="0.0" lineColor="#000000" />
							<rightPen lineWidth="1.0" lineStyle="Solid" lineColor="#000000" />
						</box>
						<textField isStretchWithOverflow="false"
							isBlankWhenNull="false" evaluationTime="Now" hyperlinkType="None"
							hyperlinkTarget="Self">
							<reportElement x="0" y="0" width="50" height="30"
								key="textField" />
							<box>
								<topPen lineWidth="0.0" lineStyle="Solid" lineColor="#000000" />
								<leftPen lineWidth="0.0" lineStyle="Solid" lineColor="#000000" />
								<bottomPen lineWidth="0.0" lineColor="#000000" />
								<rightPen lineWidth="0.0" lineStyle="Solid" lineColor="#000000" />
							</box>
							<textElement textAlignment="Center"
								verticalAlignment="Middle">
								<font />
							</textElement>
							<textFieldExpression class="java.lang.String"><![CDATA[$V{value_Count}]]></textFieldExpression>
						</textField>
					</cellContents>
				</crosstabCell>
				<crosstabCell width="50" height="30" rowTotalGroup="row">
					<cellContents mode="Transparent">
						<box>
							<topPen lineWidth="0.0" lineStyle="Solid" lineColor="#000000" />
							<leftPen lineWidth="0.0" lineStyle="Solid" lineColor="#000000" />
							<bottomPen lineWidth="0.0" lineColor="#000000" />
							<rightPen lineWidth="1.0" lineStyle="Solid" lineColor="#000000" />
						</box>
						<textField isStretchWithOverflow="false"
							isBlankWhenNull="false" evaluationTime="Now" hyperlinkType="None"
							hyperlinkTarget="Self">
							<reportElement x="0" y="0" width="50" height="30"
								key="textField" />
							<box>
								<topPen lineWidth="0.0" lineStyle="Solid" lineColor="#000000" />
								<leftPen lineWidth="0.0" lineStyle="Solid" lineColor="#000000" />
								<bottomPen lineWidth="0.0" lineColor="#000000" />
								<rightPen lineWidth="0.0" lineStyle="Solid" lineColor="#000000" />
							</box>
							<textElement textAlignment="Center"
								verticalAlignment="Middle">
								<font />
							</textElement>
							<textFieldExpression class="java.lang.String"><![CDATA[$V{value_Count}]]></textFieldExpression>
						</textField>
					</cellContents>
				</crosstabCell>
				<crosstabCell width="50" height="30" rowTotalGroup="row"
					columnTotalGroup="header">
					<cellContents mode="Transparent">
						<box>
							<topPen lineWidth="0.0" lineStyle="Solid" lineColor="#000000" />
							<leftPen lineWidth="0.0" lineStyle="Solid" lineColor="#000000" />
							<bottomPen lineWidth="0.0" lineColor="#000000" />
							<rightPen lineWidth="1.0" lineStyle="Solid" lineColor="#000000" />
						</box>
						<textField isStretchWithOverflow="false"
							isBlankWhenNull="false" evaluationTime="Now" hyperlinkType="None"
							hyperlinkTarget="Self">
							<reportElement x="0" y="0" width="50" height="30"
								key="textField" />
							<box>
								<topPen lineWidth="0.0" lineStyle="Solid" lineColor="#000000" />
								<leftPen lineWidth="0.0" lineStyle="Solid" lineColor="#000000" />
								<bottomPen lineWidth="0.0" lineColor="#000000" />
								<rightPen lineWidth="0.0" lineStyle="Solid" lineColor="#000000" />
							</box>
							<textElement textAlignment="Center"
								verticalAlignment="Middle">
								<font />
							</textElement>
							<textFieldExpression class="java.lang.String"><![CDATA[$V{value_Count}]]></textFieldExpression>
						</textField>
					</cellContents>
				</crosstabCell>
				<whenNoDataCell>
					<cellContents mode="Transparent">
						<box>
							<topPen lineWidth="0.0" lineStyle="Solid" lineColor="#000000" />
							<leftPen lineWidth="0.0" lineStyle="Solid" lineColor="#000000" />
							<bottomPen lineWidth="0.0" lineColor="#000000" />
							<rightPen lineWidth="1.0" lineStyle="Solid" lineColor="#000000" />
						</box>
					</cellContents>
				</whenNoDataCell>
			</crosstab>
		</band>
	</summary>
</jasperReport>