<?xml version="1.0" encoding="UTF-8"?>
	<!--

		Copyright (C) 2010 Cardiff University, Wales <smartp@cf.ac.uk>

		Licensed under the Apache License, Version 2.0 (the "License"); you
		may not use this file except in compliance with the License. You may
		obtain a copy of the License at

		http://www.apache.org/licenses/LICENSE-2.0 Unless required by
		applicable law or agreed to in writing, software distributed under the
		License is distributed on an "AS IS" BASIS, WITHOUT WARRANTIES OR
		CONDITIONS OF ANY KIND, either express or implied. See the License for
		the specific language governing permissions and limitations under the
		License.
	-->

<beans xmlns="http://www.springframework.org/schema/beans"
	xmlns:xsi="http://www.w3.org/2001/XMLSchema-instance"
	xsi:schemaLocation="
	http://www.springframework.org/schema/beans http://www.springframework.org/schema/beans/spring-beans.xsd">

	<!--  List all the data access beans, used by the parser -->
	<bean id="dataAccessRegister" class="uk.ac.cardiff.raptor.parse.DataAccessRegister">
		<property name="parsingModules">
			<list>

				<bean id="shib13Proxy" class="uk.ac.cardiff.raptor.parse.external.file.LogFileParser">
                    <property name="enabled" value="true"/>
					<property name="eventHandler"><ref bean="memoryEventHandler"></ref></property>
					<property name="eventTypeFriendlyName">
					   <value>Shibboleth 1.3</value>
					</property>
					<property name="format">
						<ref bean="shib13IDPAccessFileFormat" />
					</property>
					<property name="eventType">
						<value>uk.ac.cardiff.model.event.ShibbolethIdpAuthenticationEvent</value>
					</property>
                     <property name="LineFilterEngine">
                        <bean class="uk.ac.cardiff.raptor.parse.filter.LineFilterEngine">
                             <property name="includeLineFilters">
                               <list>
                                  <bean class="uk.ac.cardiff.raptor.parse.filter.ContainsLineFilter">
                                     <property name="includeIfContains"><value>Authentication assertion</value></property>
                                </bean>
                                </list>
                              </property>                              
                        </bean>
                       
                    </property>
				</bean>



               <bean id="ezproxyLFP" class="uk.ac.cardiff.raptor.parse.external.file.LogFileParser">
                     <property name="enabled" value="true"/>
                    <property name="eventHandler"><ref bean="memoryEventHandler"></ref></property>
                    <property name="eventTypeFriendlyName">
                         <value>Ezproxy</value>
                      </property>
                    <property name="format">
                        <ref bean="ezProxyFileFormat" />
                    </property>
                    <property name="eventType">
                        <value>uk.ac.cardiff.model.event.EzproxyAuthenticationEvent</value>
                    </property>
                    <property name="LineFilterEngine">
                        <bean class="uk.ac.cardiff.raptor.parse.filter.LineFilterEngine">
                             <property name="includeLineFilters">
                               <list>
                                   <bean class="uk.ac.cardiff.raptor.parse.filter.ContainsLineFilter">
                                       <property name="includeIfContains"><value>connect?session</value></property>
                                   </bean>
                                </list>
                              </property>
                               <property name="excludeLineFilters">
                               <list>
                                    <bean class="uk.ac.cardiff.raptor.parse.filter.ExcludeLineFilter">
                                       <property name="excludeIfContains"><value>url=menu</value></property>
                                   </bean>
                                </list>
                              </property>
                        </bean>
                    </property>                   
                </bean>





                <bean id="shibbolethAuditLFP" class="uk.ac.cardiff.raptor.parse.external.file.LogFileParser">
                    <property name="enabled" value="true"/>
					<property name="eventHandler"><ref bean="memoryEventHandler"></ref></property>
					<property name="eventTypeFriendlyName">
                       <value>Shibboleth 2</value>
                    </property>
					<property name="format">
						<ref bean="shibIDPAuditFileFormat" />
					</property>
					<property name="eventType">
						<value>uk.ac.cardiff.model.event.ShibbolethIdpAuthenticationEvent</value>
					</property>
					<property name="printParsingPosition"><value>true</value></property>

					<property name="inclusionList">
							<bean class="uk.ac.cardiff.raptor.parse.filter.InclusionList">
								<property name="inclusionEntries">
									<list>
										<bean class ="uk.ac.cardiff.raptor.parse.filter.match.RegexInclusionEntry">
											<property name ="fieldName" value="messageProfileId"/>
											<property name="match" value=":sso"/>
										</bean>
									</list>
								</property>
							</bean>
					</property>

				</bean>
			</list>
		</property>
	</bean>

	<!-- Create the event handler -->
	<bean name="memoryEventHandler" class="uk.ac.cardiff.raptor.store.impl.LogFileIncrementalMemoryEventHandler"></bean>

    <import resource="batch-event-parse-formats-custom.xml"/>
    <import resource="batch-event-parse-formats-system.xml"/>




</beans>
