<?xml version="1.0" encoding="UTF-8"?>
<!-- Copyright (C) 2010 Cardiff University, Wales <smartp@cf.ac.uk> Licensed under the Apache License, Version 2.0 (the "License"); 
    you may not use this file except in compliance with the License. You may obtain a copy of the License at http://www.apache.org/licenses/LICENSE-2.0 
    Unless required by applicable law or agreed to in writing, software distributed under the License is distributed on an "AS 
    IS" BASIS, WITHOUT WARRANTIES OR CONDITIONS OF ANY KIND, either express or implied. See the License for the specific language 
    governing permissions and limitations under the License. -->

<beans xmlns="http://www.springframework.org/schema/beans" xmlns:xsi="http://www.w3.org/2001/XMLSchema-instance"
    xsi:schemaLocation="
	http://www.springframework.org/schema/beans http://www.springframework.org/schema/beans/spring-beans.xsd">

    <!-- List all the data access beans, used by the parser -->
    <bean id="dataAccessRegister" class="uk.ac.cardiff.raptor.parse.DataAccessRegister">
        <property name="parsingModules">
            <list>
            
               
            
                <!-- Shibboleth 2 -->

                <bean id="shibbolethAuditLFP" class="uk.ac.cardiff.raptor.parse.external.file.LogFileParser">
                    <property name="enabled" value="true" />
                    <property name="eventHandler">
                        <ref bean="memoryEventHandler"></ref>
                    </property>
                    <property name="logfile">
                        <value>file:///opt/shibboleth-idp/logs/idp-audit.log
                        </value>
                    </property>
                    <property name="format">
                        <ref bean="shibIDPAuditFileFormat" />
                    </property>
                    <property name="eventType">
                        <value>uk.ac.cardiff.model.event.ShibbolethIdpAuthenticationEvent</value>
                    </property>
                    <property name="printParsingPosition">
                        <value>true</value>
                    </property>

                    <property name="inclusionList">
                        <bean class="uk.ac.cardiff.raptor.parse.filter.InclusionList">
                            <property name="inclusionEntries">
                                <list>
                                    <bean class="uk.ac.cardiff.raptor.parse.filter.match.RegexInclusionEntry">
                                        <property name="fieldName" value="messageProfileId" />
                                        <property name="match" value=":sso" />
                                    </bean>
                                </list>
                            </property>
                        </bean>
                    </property>

                </bean>

                <!-- Shibboleth 2.4 and earlier SP -->
                <bean id="shibbolethSpLFP" class="uk.ac.cardiff.raptor.parse.external.file.LogFileParser">
                    <property name="enabled" value="false" />
                    <property name="eventHandler">
                        <ref bean="memoryEventHandler"></ref>
                    </property>
                    <property name="logfile">
                        <value>file:///var/log/shibboleth/shibd.log
                        </value>
                    </property>
                    <property name="format">
                        <ref bean="shibSPLogFileFormat" />
                    </property>
                    <property name="eventType">
                        <value>uk.ac.cardiff.model.event.ShibbolethSpAuthenticationEvent</value>
                    </property>
                    <property name="printParsingPosition">
                        <value>true</value>
                    </property>

                    <property name="LineFilterEngine">
                        <bean id="lineFilterEngineShibSp" class="uk.ac.cardiff.raptor.parse.filter.LineFilterEngine">
                            <property name="includeLineFilters">
                                <list>
                                    <bean class="uk.ac.cardiff.raptor.parse.filter.ContainsLineFilter">
                                        <property name="includeIfContains">
                                            <value>new session created</value>
                                        </property>
                                    </bean>
                                </list>
                            </property>
                        </bean>
                    </property>
                </bean>


                <!-- SHIB 1.3 -->

                <bean id="shib13Proxy" class="uk.ac.cardiff.raptor.parse.external.file.LogFileParser">
                    <property name="enabled" value="false" />
                    <property name="eventHandler">
                        <ref bean="memoryEventHandler"></ref>
                    </property>
                    <property name="logfile">
                        <value>file:///opt/shibboleth-idp/logs/idp-audit.log
                        </value>
                    </property>
                    <property name="format">
                        <ref bean="shib13IDPAccessFileFormat" />
                    </property>
                    <property name="eventType">
                        <value>uk.ac.cardiff.model.event.ShibbolethIdpAuthenticationEvent</value>
                    </property>
                    <property name="LineFilterEngine">
                        <bean class="uk.ac.cardiff.raptor.parse.filter.LineFilterEngine">
                            <property name="includeLineFilters">
                                <list>
                                    <bean class="uk.ac.cardiff.raptor.parse.filter.ContainsLineFilter">
                                        <property name="includeIfContains">
                                            <value>Authentication assertion</value>
                                        </property>
                                    </bean>
                                </list>
                            </property>
                        </bean>
                    </property>
                </bean>

                <!-- EZPROXY -->

                <bean id="ezproxyLFP" class="uk.ac.cardiff.raptor.parse.external.file.LogFileParser">
                    <property name="enabled" value="false" />
                    <property name="eventHandler">
                        <ref bean="memoryEventHandler"></ref>
                    </property>
                    <property name="logfile">
                        <value>file:///opt/ezproxy/logs/ezproxy-DATE.log
                        </value>
                    </property>
                     <property name="format">
                        <ref bean="ezProxyFileFormat" />
                    </property>
                    <property name="eventType">
                        <value>uk.ac.cardiff.model.event.EzproxyAuthenticationEvent</value>
                    </property>
                    <property name="LineFilterEngine">
                        <bean id="lineFilterEngine" class="uk.ac.cardiff.raptor.parse.filter.LineFilterEngine">
                             <property name="includeLineFilters">
                               <list>
                                   <bean class="uk.ac.cardiff.raptor.parse.filter.RegexContainsLineFilter">
                                       <property name="includeIfContains"><value>GET[\p{Z}\s][^\p{Z}\s]*login\?url</value></property>
                                   </bean>
                                   <bean class="uk.ac.cardiff.raptor.parse.filter.RegexContainsLineFilter">
                                       <property name="includeIfContains"><value>GET[\p{Z}\s][^\p{Z}\s]*connect\?session</value></property>
                                   </bean>
                                </list>
                              </property>
                               <property name="excludeLineFilters">
                               <list>
                                    <bean class="uk.ac.cardiff.raptor.parse.filter.ExcludeLineFilter">
                                       <property name="excludeIfContains"><value>url=menu</value></property>
                                   </bean>
                                </list>
                              </property>
                        </bean>
                    </property>
                     <property name="exclusionList">
                           <bean class="uk.ac.cardiff.raptor.parse.filter.ExclusionList">
                               <property name="exclusionEntries">
                                   <list>
                                       <bean class="uk.ac.cardiff.raptor.parse.filter.match.ExactMatchExclusionEntry">
                                           <property name="fieldName" value="principalName"/>
                                           <property name="match" value="-"/>
                                       </bean>
                                   </list>
                               </property>
                           </bean>
                   </property>
                </bean>
                
                <!-- Open Athens LA -->
                <bean id="openAthensLa" class="uk.ac.cardiff.raptor.parse.external.file.LogFileParser">
                    <property name="enabled" value="false"/>
                    <property name="eventHandler"><ref bean="memoryEventHandler"></ref></property>
                    <property name="logfile">
                        <value>file:///var/log/openathens/login-apache-DATE
                        </value>
                    </property>
                    <property name="logFileDateFormat" value="yyyy-MM-dd"/>
                    <property name="format">
                        <ref bean="openathenslaFormat" />
                    </property>
                    <property name="eventType">
                        <value>uk.ac.cardiff.model.event.OpenathenslaAuthenticationEvent</value>
                    </property>
                    <property name="printParsingPosition"><value>true</value></property>
                    
                    <property name="LineFilterEngine">
                        <bean class="uk.ac.cardiff.raptor.parse.filter.LineFilterEngine">
                            <property name="includeLineFilters">
                                <list>
                                    <bean class="uk.ac.cardiff.raptor.parse.filter.ContainsLineFilter">
                                        <property name="includeIfContains"><value>AUDIT sso</value></property>
                                    </bean>
                                </list>
                            </property>
                            <property name="excludeLineFilters">
                                <list>
                                    <bean class="uk.ac.cardiff.raptor.parse.filter.ExcludeLineFilter">
                                        <property name="excludeIfContains"><value>proxy.runtime.test.openathens.net</value></property>
                                    </bean>
                                </list>
                            </property>
                        </bean>
                    </property>
                </bean>
                
                <!-- Moonshot Radius -->
                <bean id="moonshotRadiusLFP" class="uk.ac.cardiff.raptor.parse.external.file.LogFileParser">
                    <property name="enabled" value="false"/>
                    <property name="eventHandler"><bean class="uk.ac.cardiff.raptor.store.impl.LogFileIncrementalMemoryEventHandler"/></property>
                    <property name="logfile">
                        <value>file:///var/log/raddb/raptor-moonshot-idp.log
                        </value>
                    </property>
                    <property name="format">
                        <ref bean="moonshotRadiusIdpLogFileFormat" />
                    </property>
                    <property name="eventType">
                        <value>uk.ac.cardiff.model.event.MoonshotRadiusAuthenticationEvent</value>
                    </property>
                    <property name="printParsingPosition"><value>true</value></property>
                    
                    <property name="LineFilterEngine">
                        <bean id="lineFilterMoonshotRadiusLFP" class="uk.ac.cardiff.raptor.parse.filter.LineFilterEngine">
                            <property name="includeLineFilters">
                                <list>
                                    <bean class="uk.ac.cardiff.raptor.parse.filter.ContainsRegexLineFilter">
                                        <property name="includeIfContainsRegex"><value>OK</value></property>
                                    </bean>
                                </list>
                            </property>
                        </bean>
                    </property>
                    
                </bean>
                
                <!-- Eduroam Radius -->
                <bean id="eduroamRadiusLFP" class="uk.ac.cardiff.raptor.parse.external.file.LogFileParser">
                    <property name="enabled" value="false"/>
                    <property name="eventHandler"><bean class="uk.ac.cardiff.raptor.store.impl.LogFileIncrementalMemoryEventHandler"/></property>
                    <property name="logfile">
                        <value>file:///var/log/raddb/raptor-eduroam-idp.log
                        </value>
                    </property>
                    <property name="format">
                        <ref bean="moonshotRadiusIdpLogFileFormat" />
                    </property>
                    <property name="eventType">
                        <value>uk.ac.cardiff.model.event.EduroamRadiusAuthenticationEvent</value>
                    </property>
                    <property name="printParsingPosition"><value>true</value></property>
                    
                    <property name="LineFilterEngine">
                        <bean id="lineFilterEduroamRadiusLFP" class="uk.ac.cardiff.raptor.parse.filter.LineFilterEngine">
                            <property name="includeLineFilters">
                                <list>
                                    <bean class="uk.ac.cardiff.raptor.parse.filter.ContainsRegexLineFilter">
                                        <property name="includeIfContainsRegex"><value>OK</value></property>
                                    </bean>
                                </list>
                            </property>
                        </bean>
                    </property>
                    
                </bean> 


                
                
            </list>
        </property>
    </bean>
    
    

    <!-- Create the entry handler -->
    <bean name="memoryEventHandler" class="uk.ac.cardiff.raptor.store.impl.LogFileIncrementalMemoryEventHandler"></bean>


    <import resource="event-parse-formats-system.xml" />
    <import resource="event-parse-formats-custom.xml" />



</beans>
