<?xml version="1.0" encoding="UTF-8"?>

<configuration>

  <property name="LOG_HOME" value="/opt/raptor/web/logs" />


  <appender name="FILE" class="ch.qos.logback.core.FileAppender">
      <file>${LOG_HOME}/raptor-web-process.log</file>
    <encoder>
      <pattern>%5p %d \(%C:%L\) ---&gt; %m%n</pattern>
    </encoder>
  </appender>

  <logger name="org.springframework" level="ERROR">
    <appender-ref ref="FILE"/>
  </logger>
  <logger name="uk.ac.cardiff" level="INFO">
    <appender-ref ref="FILE"/>
  </logger>
  <logger name="org.mortbay" level="ERROR">
    <appender-ref ref="FILE"/>
  </logger>

  <logger name="  org.apache.cxf" level="ERROR">
    <appender-ref ref="FILE"/>
  </logger>


</configuration>