<?xml version="1.0" encoding="UTF-8"?>
<beans xmlns="http://www.springframework.org/schema/beans"
       xmlns:xsi="http://www.w3.org/2001/XMLSchema-instance"
       xsi:schemaLocation="
           http://www.springframework.org/schema/beans
           http://www.springframework.org/schema/beans/spring-beans-2.5.xsd">

	<bean id="webEngine" class="uk.ac.cardiff.raptorweb.engine.RaptorWebEngine">
		<property name="registry"><ref bean="muaRegistry"></ref></property>
		<property name="reportHandler"><ref bean="reportHandler"></ref></property>
		<property name="webMetadata"><ref bean="webMetadata"></ref></property>
        <constructor-arg index="0"><ref bean="serviceEndpointClient"/></constructor-arg>
	</bean>



	<bean id="setupService" class="uk.ac.cardiff.raptorweb.service.impl.SetupServiceImpl">
		<property name="webEngine"><ref bean="webEngine"/></property>
	</bean>

	<bean id="preferenceService" class="uk.ac.cardiff.raptorweb.service.impl.PreferenceServiceImpl">

	</bean>

	<bean id="startService" class="uk.ac.cardiff.raptorweb.service.impl.StartServiceImpl">
		<property name="webEngine"><ref bean="webEngine"/></property>
        <property name="dashboardStatistics" ref="dashboardStatisticsList"/>
	</bean>

	<bean id="graphService" class="uk.ac.cardiff.raptorweb.service.impl.GraphServiceImpl">
		<property name="webEngine"><ref bean="webEngine"/></property>
		<property name="chartProcessor"><ref bean="chartProcessor"/></property>
	</bean>

	<!--  SET UP the report generators -->
	<bean name="reportHandler" class="uk.ac.cardiff.raptorweb.engine.reports.ReportHandler">
		<property name ="reportConstructors">
			<list>
				<bean name="excelreportConstructorImpl" class="uk.ac.cardiff.raptorweb.engine.reports.ExcelReportGenerator">
					<property name="saveDirectory"><value>/downloads/</value></property>
					<property name="baseDirectory"><value>/</value></property> <!-- the above is the absolute path, this is the same but as a relative path-->
				</bean>
				<bean name="csvreportConstructorImpl" class="uk.ac.cardiff.raptorweb.engine.reports.CSVReportGenerator">
					<property name="saveDirectory"><value>/downloads/</value></property>
					<property name="baseDirectory"><value>/</value></property> <!-- the above is the absolute path, this is the same but as a relative path-->
				</bean>
				<bean name="pdfreportConstructorImpl" class="uk.ac.cardiff.raptorweb.engine.reports.GraphAndChartPDFReportGenerator">
					<property name="saveDirectory"><value>/downloads/</value></property>
					<property name="baseDirectory"><value>/</value></property> <!-- the above is the absolute path, this is the same but as a relative path-->
					<property name="reportBean"><ref bean="genericReportBean"/></property>
					<property name="reportXMLFile"><value>generic-report.xml</value></property>
				</bean>
			</list>
		</property>
	</bean>

	<bean name="genericReportBean" class="uk.ac.cardiff.raptorweb.engine.reports.beans.GenericReportBean"/>

    <!-- Set up the chart processor -->
    <bean name="chartProcessor" class="uk.ac.cardiff.raptorweb.engine.ChartProcessor">
            <property name="saveDirectory"><value>/graphs/</value></property>
            <property name="baseDirectory"><value>/</value></property> <!-- the above is the absolute path, this is the same but as a relative path-->
    </bean>


	<!-- Set up the start page background stats generator -->
	<bean id="statsSchedular" class="org.springframework.scheduling.quartz.SchedulerFactoryBean">
		<property name="triggers">
			<list>
			   <ref local="SystemStatsQuickTrigger"/>
			</list>
		</property>
	</bean>

	<bean id="SystemStatsQuickTrigger" class="org.springframework.scheduling.quartz.SimpleTriggerBean">
		<property name="jobDetail">
			<ref local="SystemStatsJobDetail" />
		</property>
		<property name="startDelay" value="5000"/>
		<property name="repeatInterval" value="1800000"/>
	</bean>

	<bean id="SystemStatsJobDetail"
		class="org.springframework.scheduling.quartz.MethodInvokingJobDetailFactoryBean">
		<property name="targetObject">
			<ref bean="startService" />
		</property>
		<property name="targetMethod">
			<value>generateStatisticsBackground</value>
		</property>
		<property name="concurrent">
			<value>false</value>
		</property>
	</bean>

    <import resource="metadata.xml" />
    <import resource="mua-endpoints.xml" />

</beans>
