<?xml version="1.0" encoding="UTF-8"?>
<!-- Copyright (C) 2010 Cardiff University, Wales <smartp@cf.ac.uk> Licensed under the Apache License, Version 2.0 (the "License");
    you may not use this file except in compliance with the License. You may obtain a copy of the License at http://www.apache.org/licenses/LICENSE-2.0
    Unless required by applicable law or agreed to in writing, software distributed under the License is distributed on an "AS
    IS" BASIS, WITHOUT WARRANTIES OR CONDITIONS OF ANY KIND, either express or implied. See the License for the specific language
    governing permissions and limitations under the License. -->

<beans xmlns="http://www.springframework.org/schema/beans" xmlns:xsi="http://www.w3.org/2001/XMLSchema-instance"
    xmlns:jaxws="http://cxf.apache.org/jaxws"
    xsi:schemaLocation="
	http://www.springframework.org/schema/beans http://www.springframework.org/schema/beans/spring-beans.xsd
	http://cxf.apache.org/jaxws http://cxf.apache.org/schemas/jaxws.xsd">


    <!-- Configure how the client talks to the MUA, setting appropriate trust and keystore locations  -->

    <bean id="serviceEndpointInterface" class="uk.ac.cardiff.raptor.remoting.client.sei.impl.CxfServiceEndpointClient">
       <property name="tlsParameters">
           <bean class="uk.ac.cardiff.raptor.remoting.client.sei.impl.ClientTLSParameters">
                 <property name="trustStoreLocation"><value>/opt/raptor/ica/keys/authorised-keys.jks</value></property>
                 <property name="trustStorePassword"><value>changeit</value></property>
                 <property name="keyStoreLocation"><value>/opt/raptor/ica/keys/raptor-ica.jks</value></property>
                 <property name="keyStorePassword"><value>changeit</value></property>
           </bean>
       </property>
       <property name="allowedClassTypes">
            <list>
                <value type="java.lang.Class">uk.ac.cardiff.model.event.ShibbolethIdpAuthenticationEvent</value>
                <value type="java.lang.Class">uk.ac.cardiff.model.event.ShibbolethSpAuthenticationEvent</value>
                <value type="java.lang.Class">uk.ac.cardiff.model.event.EzproxyAuthenticationEvent</value>
                <value type="java.lang.Class">uk.ac.cardiff.model.event.RadiusAuthenticationEvent</value>
                <value type="java.lang.Class">uk.ac.cardiff.model.event.AuthenticationEvent</value>
            </list>        
       </property>
    </bean>


    <!--  Configure Endpoint Registry -->

    <bean id="endpointRegistry" class="uk.ac.cardiff.raptor.registry.EndpointRegistry">
        <property name="endpoints">
            <list>               
                <bean id="myMUA" class="uk.ac.cardiff.raptor.registry.Endpoint">
                <property name="supportedEvents">
                        <list>
                            <value type="java.lang.Class">uk.ac.cardiff.model.event.ShibbolethIdpAuthenticationEvent</value>
                            <value type="java.lang.Class">uk.ac.cardiff.model.event.EzproxyAuthenticationEvent</value>
                            <value type="java.lang.Class">uk.ac.cardiff.model.event.ShibbolethSpAuthenticationEvent</value>
                        </list>
                    </property>
                    <property name="serviceEndpoint">
                        <value>https://localhost:8111/MUA/MultiUnitAggregator</value>
                    </property>
                    <property name="pushPolicies">
                        <list>
                            <ref bean="entryNoElapsedTimePushPolicy"></ref>
                        </list>
                    </property>
                    <!--<property name="attributeFilterPolicy"><ref bean="removePrincipleFilterPolicy"></ref></property> -->
                </bean>
            </list>
        </property>
    </bean>

    <!-- policy for release of events -->

   
    <bean id="entryNoElapsedTimePushPolicy" class="uk.ac.cardiff.raptor.remoting.policy.EntryNoElapsedTimePushPolicy">
        <property name="pushOnOrAfterNoEntries">
            <value>25</value>
        </property>
        <!--  minimum is 10000ms, finer granularities will not have an effect -->
        <property name="pushInterval">
            <value>300000</value>
        </property>
    </bean>
    
     <!--<bean id="entryNoPushPolicy" class="uk.ac.cardiff.raptor.remoting.policy.EntryNoPushPolicy">
        <property name="pushOnOrAfterNoEntries">
            <value>10</value>
        </property>
    </bean>-->
    
    <!--<bean id="elapsedTimePushPolicy" class="uk.ac.cardiff.raptor.remoting.policy.ElapsedTimePushPolicy">
        <property name="pushInterval">
            <value>100000</value>
        </property>
    </bean>-->

    <!-- Attribute filter policies  (EXAMPLES)-->

    <!--<bean id="hashPrincipleFilterPolicy" class="uk.ac.cardiff.raptor.attribute.filtering.AttributeFilterPolicy">
        <property name="policyName">
            <value>hash_Principal_Name_With_Service_EntityId</value>
        </property>
        <property name="attributeRules">
            <list>
                <bean class="uk.ac.cardiff.raptor.attribute.filtering.HashAttributeRule">
                    <property name="attributeId">
                        <value>principalName</value>
                    </property>
                    <property name="denyValueRule">
                        <bean class="uk.ac.cardiff.raptor.attribute.filtering.match.MatchRule">
                            <property name="enabled">
                                <value>true</value>
                            </property>
                        </bean>
                    </property>
                </bean>
            </list>
        </property>
    </bean>

    <bean id="removePrincipleFilterPolicy" class="uk.ac.cardiff.raptor.attribute.filtering.AttributeFilterPolicy">
        <property name="policyName">
            <value>removePrincipleName</value>
        </property>
        <property name="attributeRules">
            <list>
                <bean class="uk.ac.cardiff.raptor.attribute.filtering.NullAttributeRule">
                    <property name="attributeId">
                        <value>requestHost</value>
                    </property>
                    <property name="denyValueRule">
                        <bean class="uk.ac.cardiff.raptor.attribute.filtering.match.MatchRule">
                            <property name="enabled">
                                <value>true</value>
                            </property>
                        </bean>
                    </property>
                </bean>
            </list>
        </property>
    </bean>-->


</beans>