<?xml version="1.0" encoding="UTF-8"?>
    <!--

        Copyright (C) 2010 Cardiff University, Wales <smartp@cf.ac.uk>

        Licensed under the Apache License, Version 2.0 (the "License"); you
        may not use this file except in compliance with the License. You may
        obtain a copy of the License at

        http://www.apache.org/licenses/LICENSE-2.0 Unless required by
        applicable law or agreed to in writing, software distributed under the
        License is distributed on an "AS IS" BASIS, WITHOUT WARRANTIES OR
        CONDITIONS OF ANY KIND, either express or implied. See the License for
        the specific language governing permissions and limitations under the
        License.
    -->
<beans xmlns="http://www.springframework.org/schema/beans"
    xmlns:xsi="http://www.w3.org/2001/XMLSchema-instance" xmlns:jaxws="http://cxf.apache.org/jaxws"
    xsi:schemaLocation="
    http://www.springframework.org/schema/beans http://www.springframework.org/schema/beans/spring-beans.xsd
    http://cxf.apache.org/jaxws http://cxf.apache.org/schemas/jaxws.xsd">

    <!-- ICA Metadata -->
    <bean id="ICAMetadata" class="uk.ac.cardiff.model.ServiceMetadata">
        <property name="organisationName"><value>YOUR_ORGANISATION</value></property>
        <property name="contactEmail"><value>CONTACT_EMAIL</value></property>
        <property name="serviceName"><value>SERVICE_NAME</value></property>
        <property name="entityId"><value>https://HOSTNAME/raptor-ica</value></property>
    </bean>


  </beans>