<?xml version="1.0" encoding="UTF-8"?>
<!--

    Copyright (C) 2010 Cardiff University, Wales <smartp@cf.ac.uk>

    Licensed under the Apache License, Version 2.0 (the "License");
    you may not use this file except in compliance with the License.
    You may obtain a copy of the License at

            http://www.apache.org/licenses/LICENSE-2.0

    Unless required by applicable law or agreed to in writing, software
    distributed under the License is distributed on an "AS IS" BASIS,
    WITHOUT WARRANTIES OR CONDITIONS OF ANY KIND, either express or implied.
    See the License for the specific language governing permissions and
    limitations under the License.

-->

<beans xmlns="http://www.springframework.org/schema/beans"
	xmlns:xsi="http://www.w3.org/2001/XMLSchema-instance"
	xsi:schemaLocation="
	http://www.springframework.org/schema/beans http://www.springframework.org/schema/beans/spring-beans.xsd">

    <!-- NOT USED AT PRESENT -->

	<bean id="raptorUsers" class=" uk.ac.cardiff.raptormua.model.Users">
		<property name="raptorUsers">
			<list>
				<ref local="systemUser"/>
			</list>
		</property>
	</bean>

	<bean id="systemUser" class="uk.ac.cardiff.raptormua.model.RaptorUser">
		<property name="username"><value>EXAMPLE</value></property>
	</bean>


</beans>