<?xml version="1.0"?>
<!--
    Licensed to the Apache Software Foundation (ASF) under one
    or more contributor license agreements.  See the NOTICE file
    distributed with this work for additional information
    regarding copyright ownership.  The ASF licenses this file
    to you under the Apache License, Version 2.0 (the
    "License"); you may not use this file except in compliance
    with the License.  You may obtain a copy of the License at

    http://www.apache.org/licenses/LICENSE-2.0

    Unless required by applicable law or agreed to in writing,
    software distributed under the License is distributed on an
    "AS IS" BASIS, WITHOUT WARRANTIES OR CONDITIONS OF ANY
    KIND, either express or implied.  See the License for the
    specific language governing permissions and limitations
    under the License.

-->
<trinidad-config xmlns="http://myfaces.apache.org/trinidad/config">
  <debug-output>true</debug-output>
  <!-- Uncomment to switch back to ALERT style client-side validation,
    or set to DISABLED to disable it altogether
  <client-validation>ALERT</client-validation>
  -->
  <!-- you can use EL to get the skin. This allows the skin to change between
       requests. -->

  <skin-family>casablanca</skin-family>

  <!--
  <output-mode>portlet</output-mode>
  -->

</trinidad-config>
